,Chest,Chest,Chest,Chest,Chest,Chest,Chest,Chest,Chest,Chest,Chest,Chest,Chest,Chest,LeftFoot,LeftFoot,LeftFoot,LeftFoot,LeftFoot,LeftFoot,LeftFoot,LeftFoot,LeftFoot,LeftFoot,LeftFoot,LeftFoot,LeftFoot,LeftFoot,LeftShank,LeftShank,LeftShank,LeftShank,LeftShank,LeftShank,LeftShank,LeftShank,LeftShank,LeftShank,LeftShank,LeftShank,LeftShank,LeftShank,LeftThigh,LeftThigh,LeftThigh,LeftThigh,LeftThigh,LeftThigh,LeftThigh,LeftThigh,LeftThigh,LeftThigh,LeftThigh,LeftThigh,LeftThigh,LeftThigh,LeftWrist,LeftWrist,LeftWrist,LeftWrist,LeftWrist,LeftWrist,LeftWrist,LeftWrist,LeftWrist,LeftWrist,LeftWrist,LeftWrist,LeftWrist,LeftWrist,Pelvis,Pelvis,Pelvis,Pelvis,Pelvis,Pelvis,Pelvis,Pelvis,Pelvis,Pelvis,Pelvis,Pelvis,Pelvis,Pelvis,RightFoot,RightFoot,RightFoot,RightFoot,RightFoot,RightFoot,RightFoot,RightFoot,RightFoot,RightFoot,RightFoot,RightFoot,RightFoot,RightFoot,RightShank,RightShank,RightShank,RightShank,RightShank,RightShank,RightShank,RightShank,RightShank,RightShank,RightShank,RightShank,RightShank,RightShank,RightThigh,RightThigh,RightThigh,RightThigh,RightThigh,RightThigh,RightThigh,RightThigh,RightThigh,RightThigh,RightThigh,RightThigh,RightThigh,RightThigh,RightWrist,RightWrist,RightWrist,RightWrist,RightWrist,RightWrist,RightWrist,RightWrist,RightWrist,RightWrist,RightWrist,RightWrist,RightWrist,RightWrist
,Time,Orientation,Orientation,Orientation,Orientation,Accelerometer,Accelerometer,Accelerometer,Gyroscope,Gyroscope,Gyroscope,Magnetometer,Magnetometer,Magnetometer,Time,Orientation,Orientation,Orientation,Orientation,Accelerometer,Accelerometer,Accelerometer,Gyroscope,Gyroscope,Gyroscope,Magnetometer,Magnetometer,Magnetometer,Time,Orientation,Orientation,Orientation,Orientation,Accelerometer,Accelerometer,Accelerometer,Gyroscope,Gyroscope,Gyroscope,Magnetometer,Magnetometer,Magnetometer,Time,Orientation,Orientation,Orientation,Orientation,Accelerometer,Accelerometer,Accelerometer,Gyroscope,Gyroscope,Gyroscope,Magnetometer,Magnetometer,Magnetometer,Time,Orientation,Orientation,Orientation,Orientation,Accelerometer,Accelerometer,Accelerometer,Gyroscope,Gyroscope,Gyroscope,Magnetometer,Magnetometer,Magnetometer,Time,Orientation,Orientation,Orientation,Orientation,Accelerometer,Accelerometer,Accelerometer,Gyroscope,Gyroscope,Gyroscope,Magnetometer,Magnetometer,Magnetometer,Time,Orientation,Orientation,Orientation,Orientation,Accelerometer,Accelerometer,Accelerometer,Gyroscope,Gyroscope,Gyroscope,Magnetometer,Magnetometer,Magnetometer,Time,Orientation,Orientation,Orientation,Orientation,Accelerometer,Accelerometer,Accelerometer,Gyroscope,Gyroscope,Gyroscope,Magnetometer,Magnetometer,Magnetometer,Time,Orientation,Orientation,Orientation,Orientation,Accelerometer,Accelerometer,Accelerometer,Gyroscope,Gyroscope,Gyroscope,Magnetometer,Magnetometer,Magnetometer,Time,Orientation,Orientation,Orientation,Orientation,Accelerometer,Accelerometer,Accelerometer,Gyroscope,Gyroscope,Gyroscope,Magnetometer,Magnetometer,Magnetometer
,S,S,X,Y,Z,X,Y,Z,X,Y,Z,X,Y,Z,S,S,X,Y,Z,X,Y,Z,X,Y,Z,X,Y,Z,S,S,X,Y,Z,X,Y,Z,X,Y,Z,X,Y,Z,S,S,X,Y,Z,X,Y,Z,X,Y,Z,X,Y,Z,S,S,X,Y,Z,X,Y,Z,X,Y,Z,X,Y,Z,S,S,X,Y,Z,X,Y,Z,X,Y,Z,X,Y,Z,S,S,X,Y,Z,X,Y,Z,X,Y,Z,X,Y,Z,S,S,X,Y,Z,X,Y,Z,X,Y,Z,X,Y,Z,S,S,X,Y,Z,X,Y,Z,X,Y,Z,X,Y,Z,S,S,X,Y,Z,X,Y,Z,X,Y,Z,X,Y,Z
0,5.1400000,0.6380740,0.3474901,0.6092140,-0.3177585,2.0313803,1.5342973,3.0396141,-0.8799637,0.1787748,1.4504642,48.4213274,1.8507522,3.9584994,5.1400000,0.4678030,0.6909319,0.3397154,-0.4340127,-5.9551361,10.1622087,-2.9621346,-1.3095713,-0.4570209,-1.0523776,43.8008555,-4.0177665,5.9083834,5.1400000,0.5238247,0.1788564,0.5665785,0.6104153,-5.3845926,2.7857195,6.0207813,-1.0610370,0.9874599,0.2099415,13.0922768,-46.0341187,-2.7526065,5.1400000,0.6073022,0.5462640,0.1288133,-0.5623049,-0.1474607,7.6671757,-0.3105850,-2.6501212,0.7722753,1.2092411,41.4441338,-16.5318389,-23.1025829,5.1400000,0.8004099,0.3248753,-0.0207855,-0.5033568,-21.2240475,-12.7739536,10.2514603,-7.0621636,3.7318518,0.6986832,19.1555781,-23.7954010,-49.7978835,5.1400000,0.1816825,-0.5169594,-0.0843902,0.8322396,0.2236347,-2.8383678,2.1569848,-1.7713458,-0.3385371,0.3852446,37.5427118,12.2043953,-36.9640160,5.1400000,0.4265644,0.5727364,0.1528464,-0.6831206,-64.1669584,-30.2155946,-1.3747121,-4.2039392,-0.6419643,-7.4455467,33.0944163,-1.4571977,-18.7672106,5.1400000,-0.0825612,0.7599551,0.0803358,-0.6396859,-5.8522776,16.3715646,14.6895818,1.4767575,1.0731670,2.0074481,39.4811448,10.7440379,-11.2043017,5.1400000,0.0568368,0.8432230,0.0592465,-0.5312574,-2.2023072,9.3829459,5.5746631,-2.3661424,0.2800684,-2.0765461,41.1154807,1.0693990,11.7476723,5.1400000,-0.0421057,0.1940931,0.4510013,-0.8701453,-4.3316066,5.7628515,2.8162820,-10.3911036,6.5301025,-2.8308361,3.7405925,35.1182689,-30.8149681
1,5.1500000,0.6402103,0.3520457,0.6074116,-0.3118423,0.7396910,4.1641403,2.5382744,-0.1552333,0.2093293,1.5624591,48.3814064,1.1881352,4.2105299,5.1500000,0.4712967,0.6854351,0.3458173,-0.4341296,-5.4219387,8.7704705,-3.6216672,-1.5259455,-0.1609877,-0.9234426,43.9107216,-3.6149183,5.9083834,5.1500000,0.5204727,0.1755519,0.5669469,0.6138900,-4.0946438,3.2805078,4.5364420,-0.5775571,0.9444104,0.3778658,12.8969750,-46.0494513,-2.5879695,5.1500000,0.6180248,0.5403960,0.1351505,-0.5547540,-0.7625447,5.7908244,0.7408054,-2.7908509,0.6573060,1.2787485,41.4227288,-16.4341748,-23.3433985,5.1500000,0.8128316,0.3050118,0.0075391,-0.4962014,-15.6242923,-16.4591512,13.0245031,-6.8008368,3.0423327,0.6326932,20.3150409,-21.0135212,-50.2516919,5.1500000,0.1753683,-0.5170545,-0.0903405,0.8329101,-1.5975243,-3.8149600,7.3055355,-1.6233894,-0.3764969,0.4560765,37.5133514,12.4412825,-36.9640160,5.1500000,0.4187721,0.5245365,0.1745744,-0.7204271,-66.9677651,-50.0424688,25.5996446,-5.1214633,-8.7598344,-8.1901922,30.7168783,2.0416760,-22.7676373,5.1500000,-0.0832571,0.7582994,0.0767438,-0.6419974,-28.3400438,27.4024956,4.3007364,0.6295390,-0.4906951,0.4735158,39.3876470,10.4960231,-11.8516305,5.1500000,0.0646884,0.8433356,0.0729218,-0.5284722,-4.2697530,15.4019583,3.5489972,-2.7943254,0.5421838,-1.4303594,41.0249313,1.2329477,12.0491952,5.1500000,-0.0587423,0.2191613,0.4851953,-0.8444543,-10.0390658,4.6676374,6.4995049,-7.8488323,6.6207254,-2.1854771,4.3368558,36.9751738,-27.9376720
2,5.1600000,0.6397719,0.3575057,0.6063830,-0.3085144,-2.5269776,5.3217025,0.7201367,0.4078732,0.4953213,1.1258242,48.2380724,0.7912058,4.5924140,5.1600000,0.4749919,0.6807139,0.3520729,-0.4324997,-4.6627153,7.1585274,-3.4791137,-1.6145737,0.1464253,-0.7089053,43.9325536,-3.3001262,5.9964133,5.1600000,0.5166081,0.1731940,0.5680856,0.6167647,-3.4573197,5.9303565,3.0066346,-0.2984790,0.9454785,0.4584832,12.6997401,-46.1624434,-2.5113070,5.1600000,0.6283596,0.5342147,0.1400355,-0.5478767,-1.7874910,2.9203161,2.6503065,-2.6083454,0.3806271,1.3009140,41.3250772,-16.3391974,-23.7702824,5.1600000,0.8220630,0.2883873,0.0324579,-0.4898895,-8.7906509,-17.9001502,14.8195749,-5.7399416,2.7628816,0.3913790,21.8066489,-18.6373749,-50.0677536,5.1600000,0.1698580,-0.5161153,-0.0948593,0.8341313,-2.5338760,-4.4870605,8.4587443,-1.2555386,-0.5410502,0.4708507,37.4492474,12.4484851,-37.1002368,5.1600000,0.4305424,0.4668713,0.1492684,-0.7578809,-2.8854898,-23.4400031,26.6246401,-1.1603647,-14.7765734,-0.7764498,27.3445216,2.2572991,-26.9444715,5.1600000,-0.0884280,0.7511677,0.0956461,-0.6471316,-39.6895086,6.2297933,-2.4363347,-1.4456014,-1.9280340,-3.5498472,38.6969325,11.7955086,-12.2616207,5.1600000,0.0746756,0.8453873,0.0844086,-0.5221294,-8.7516094,18.0992452,-4.1899776,-2.9499652,1.2875988,-0.7614158,40.8864997,1.1106295,12.5536051,5.1600000,-0.0767491,0.2432177,0.5077272,-0.8229021,-15.1923719,6.6468434,8.8491710,-5.4070684,6.5347342,-1.9529010,4.8248199,37.9657823,-26.0343133
3,5.1700000,0.6363894,0.3619392,0.6074876,-0.3081677,-7.6559356,2.6135527,-1.0477820,0.7168612,0.8487862,0.2857137,48.0427383,0.6380886,5.1806929,5.1700000,0.4778226,0.6775684,0.3574002,-0.4299439,-4.7776119,6.7684038,-1.9905747,-1.3320064,0.3815167,-0.4585418,43.8856163,-3.1421128,6.2412624,5.1700000,0.5127227,0.1715116,0.5700874,0.6186271,-3.4077822,10.6658044,-0.1374899,-0.0064921,0.9187058,0.4031615,12.4922108,-46.3424292,-2.0364204,5.1700000,0.6377581,0.5282829,0.1423882,-0.5421323,-4.0328280,-0.1315347,4.9271947,-2.1677286,-0.0051783,1.3334985,41.2033482,-16.3152628,-24.2589215,5.1700000,0.8277890,0.2791721,0.0562509,-0.4833882,-3.9376279,-16.1800531,16.9802780,-4.2101917,3.3371458,0.1919714,23.0349805,-16.7631430,-49.8276343,5.1700000,0.1656068,-0.5136616,-0.0980692,0.8361272,-4.8256710,-7.9488618,8.0511982,-0.8410490,-0.8053117,0.3934886,37.1592520,12.4790392,-37.4359960,5.1700000,0.4586257,0.4234678,0.1064838,-0.7739500,13.2886129,4.2219524,25.4058970,0.5665596,-12.6070030,5.6026362,24.1780537,0.6120719,-29.9449152,5.1700000,-0.0924836,0.7431508,0.1408340,-0.6475643,-18.5499965,-0.0413196,27.7973425,-5.0912739,-1.8233788,-7.4567443,37.4738240,15.0462064,-12.3023968,5.1700000,0.0911378,0.8467450,0.0953655,-0.5153856,-10.4049498,4.0611892,-5.3564255,-4.0067106,1.1655923,-0.0016610,40.7625351,0.5781121,12.7760544,5.1700000,-0.0936512,0.2665756,0.5217363,-0.8049585,-15.5354685,9.9182957,10.8196896,-3.6833309,6.2603030,-1.3704699,5.2762546,38.6121095,-24.4239327
4,5.1800000,0.6287015,0.3661568,0.6125033,-0.3090362,-13.5634823,-1.9239087,-5.0056164,0.9076486,1.7684446,-0.4436029,47.8036992,0.8202008,6.2717806,5.1800000,0.4794457,0.6760971,0.3610519,-0.4273946,-6.6240643,7.2043504,-0.1074935,-0.8637556,0.4508122,-0.2164187,43.9351427,-3.0444482,6.4529116,5.1800000,0.5097529,0.1705696,0.5728522,0.6187878,-3.3873915,14.1239154,-2.3119621,0.3264321,0.7426171,0.1735159,12.3460340,-46.4573544,-1.6642300,5.1800000,0.6459145,0.5230285,0.1418502,-0.5376934,-8.4647296,-3.5819072,5.8364415,-1.5994618,-0.4030693,1.3569618,40.9530273,-16.5132556,-24.7045607,5.1800000,0.8304856,0.2792048,0.0803868,-0.4752645,-3.9023639,-13.4944033,19.0654962,-2.5613577,4.4125955,0.2525971,24.8445174,-15.7730646,-48.6369142,5.1800000,0.1624845,-0.5094792,-0.1006389,0.8389884,-7.3591758,-11.6716028,9.9648153,-0.5437415,-1.1399469,0.2652424,36.8247196,12.4484817,-37.8388269,5.1800000,0.4799176,0.3880904,0.0734314,-0.7833727,1.3363219,2.2024311,15.5335548,0.2342504,-9.7576181,4.5083303,21.1833885,-0.5016473,-32.0649424,5.1800000,-0.0764898,0.7319385,0.1766191,-0.6536215,10.5083219,27.6883122,7.5141857,-6.6359539,-3.4649613,-3.4465641,37.0697334,16.3044062,-12.8421149,5.1800000,0.1132215,0.8461471,0.1049971,-0.5100898,-19.5849165,-13.5749990,4.6435435,-4.8303755,0.5872463,0.7382103,40.6973480,-0.3293863,12.9320349,5.1800000,-0.1143012,0.2943381,0.5291031,-0.7876232,-14.7791275,10.8724801,13.3441514,-2.9358735,6.1257405,-0.7180850,6.0575285,39.0521477,-23.0798824
5,5.1900000,0.6181575,0.3701737,0.6206075,-0.3093528,-16.3206140,-4.5480536,-11.4029208,0.8331292,2.5346760,-0.8014245,47.5473439,1.3842097,7.3892562,5.1900000,0.4808522,0.6755670,0.3623558,-0.4255451,-8.9531080,8.0849517,0.9862547,-0.4929752,0.2271484,0.0833186,43.9954796,-2.9467934,6.4625257,5.1900000,0.5084369,0.1688484,0.5747638,0.6185699,-3.1173435,14.4570566,-4.0617326,0.1283540,0.5496795,-0.1300160,12.5310456,-46.6476143,-1.5372173,5.1900000,0.6526641,0.5182368,0.1390157,-0.5349157,-15.9255063,-7.7786513,6.0340244,-1.0984468,-0.7838822,1.2444166,40.6170495,-16.6779870,-25.2840001,5.1900000,0.8308225,0.2870928,0.1044114,-0.4651988,-7.4322320,-12.2370309,18.9881375,-1.1456233,5.2872456,0.4835707,27.0948017,-15.4566298,-46.8902908,5.1900000,0.1608336,-0.5047027,-0.1027027,0.8419382,-9.7244915,-11.9267538,9.3030304,-0.2878432,-1.2026143,0.0608328,36.3993178,12.3428054,-38.1775750,5.1900000,0.4933153,0.3555710,0.0469537,-0.7924674,-6.3246749,11.4298646,4.4885302,0.0865738,-8.5332428,2.8394215,18.3553454,-1.2232404,-34.1359681,5.1900000,-0.0397684,0.7276746,0.1881647,-0.6584088,8.7769881,-2.7867887,-15.3148408,-6.6522482,-2.7324092,3.0394354,37.5347917,15.6472974,-11.9628279,5.1900000,0.1278177,0.8466910,0.1096678,-0.5047276,-29.3789944,-16.5384306,0.9358491,-3.0324260,0.7597087,0.8390061,40.6211423,-1.0542151,13.0372750,5.1900000,-0.1271452,0.3198243,0.5361776,-0.7707529,-14.9832791,9.4148181,15.6915476,-2.8190373,6.0686974,-0.0832566,6.8497743,39.2364923,-21.7601553
6,5.2000000,0.6155462,0.3683236,0.6253165,-0.3072781,-14.5331286,-5.9631309,-13.6013518,-0.5662177,0.9442538,-0.4918618,47.4046489,1.7058991,7.0699152,5.2000000,0.4834691,0.6750848,0.3609126,-0.4245706,-9.8921237,7.4093883,1.1624560,-0.3547304,-0.2388868,0.4767531,44.0780087,-2.9811847,6.2713399,5.2000000,0.5094470,0.1654950,0.5738932,0.6194528,-2.6241766,12.0294930,-3.9027801,-0.5868789,0.2384726,-0.3995866,12.6976162,-46.6992738,-1.8577349,5.2000000,0.6567044,0.5154176,0.1351561,-0.5336824,-24.6470177,-9.5651156,5.0638798,-0.3059596,-0.8650564,0.8545850,40.5193894,-16.7089179,-25.6175101,5.2000000,0.8288800,0.3001396,0.1276204,-0.4545187,-11.6518317,-11.9816283,18.8105397,-0.0946367,5.7147142,0.5283765,29.4607836,-15.5279868,-44.7627039,5.2000000,0.1609616,-0.5010731,-0.1038032,0.8439443,-13.5368505,-9.3878286,12.0859518,-0.0023286,-0.8467176,-0.1482872,36.0312183,12.2409491,-38.6190118,5.2000000,0.5057666,0.3200507,0.0272507,-0.8006404,-5.6246167,35.2024291,1.7300231,-1.2211567,-8.2654395,2.2720992,15.6919235,-1.3774478,-35.7395775,5.2000000,-0.0073529,0.7343804,0.2093210,-0.6456129,-29.7108484,-21.0382239,-19.4194405,-8.0405677,1.3571618,1.3465094,37.6696441,15.8450886,-10.5130247,5.2000000,0.1298810,0.8471893,0.1118238,-0.5028883,-17.5218273,-5.2338837,-12.1194388,-0.5801087,0.3690713,-0.0915799,40.6191262,-1.2002433,12.9481369,5.2000000,-0.1361173,0.3459120,0.5418551,-0.7537971,-15.5320304,6.9311586,15.6079760,-2.8817650,5.7844717,0.6567090,7.7431323,39.3463580,-20.1015378
7,5.2100000,0.6291880,0.3587072,0.6175749,-0.3066804,-11.1336269,-3.4210683,-5.5368916,-1.7698100,-3.2075277,0.2709024,47.5605173,1.5567985,4.8220047,5.2100000,0.4877791,0.6746437,0.3566506,-0.4239431,-8.5070692,3.7273455,0.6966607,-0.3150399,-0.6770236,0.9704578,44.2611283,-3.3140726,5.9221214,5.2100000,0.5012666,0.1502268,0.5730700,0.6306778,-3.2337167,10.2888026,-2.4357309,-1.2552158,-0.1452211,-0.6642138,12.8018183,-46.5518713,-2.2260810,5.2100000,0.6555907,0.5179371,0.1313241,-0.5335690,-26.2291190,-9.8171586,4.6787216,0.8553870,-0.1964202,0.3564312,40.4404521,-16.8493707,-25.2695320,5.2100000,0.8245609,0.3159664,0.1494636,-0.4448879,-13.9250800,-10.3347434,19.0870357,0.6595741,5.7387636,0.2916061,31.7411601,-15.8843007,-42.5465114,5.2100000,0.1622429,-0.4974652,-0.1021975,0.8460268,-18.6306089,-6.5054900,22.9094450,0.5709373,-0.7396160,-0.0688400,35.7901462,12.0150636,-39.1237084,5.2100000,0.5145020,0.2846775,0.0190376,-0.8086309,16.8228116,11.2994994,18.2426608,-2.8021905,-7.0495195,0.9558012,13.5200937,-0.5380694,-36.4952927,5.2100000,0.0091996,0.7384420,0.2349524,-0.6319937,-64.3320539,-0.0541390,-29.7882669,-6.3181230,1.7934535,-1.4715073,37.7031010,16.4946061,-9.2247514,5.2100000,0.1266057,0.8490317,0.1151914,-0.4998471,-19.0433351,10.6383251,-18.7324436,0.2106468,0.8587054,-0.7725379,40.3612172,-0.9692373,13.8315064,5.2100000,-0.1398905,0.3727558,0.5473970,-0.7360980,-16.3724286,6.5086149,14.1755600,-3.3287175,5.3880449,1.5024431,8.8533128,39.4797085,-18.3769365
8,5.2200000,0.6478816,0.3467496,0.6038514,-0.3088325,-13.6641532,-2.1044677,8.3675105,-1.7204159,-4.9255399,0.3745533,47.7556847,1.3372143,3.1279556,5.2200000,0.4930175,0.6755353,0.3491935,-0.4226699,-6.8041487,1.4303901,0.3710313,-0.0856269,-0.8548339,1.6383384,44.3121806,-3.8200835,5.6128165,5.2200000,0.5055546,0.1457629,0.5698556,0.6312149,-4.4145390,11.3975150,-2.7881708,-1.0458513,-0.2362647,-0.9105693,13.3520670,-46.6119075,-2.3325295,5.2200000,0.6517273,0.5262331,0.1258631,-0.5314967,-22.7604338,-4.7263281,9.5182722,2.0197105,0.4817468,0.6405096,40.3854504,-17.3162004,-24.7449566,5.2200000,0.8185839,0.3315693,0.1700360,-0.4371154,-14.1888855,-8.0357491,17.8359883,0.8957411,5.4413576,-0.0885456,33.6028787,-15.9509505,-40.4824444,5.2200000,0.1636480,-0.4925400,-0.0950016,0.8494695,-24.8196834,-12.4549323,22.4875328,1.5997158,-0.9139212,0.4836183,35.6387190,11.3935050,-39.6322259,5.2200000,0.5199828,0.2666090,0.0220354,-0.8112040,24.9685209,-21.6522330,24.4068567,-2.6638906,-2.7778232,0.4084694,12.8679264,0.2941812,-36.4398802,5.2200000,0.0127557,0.7424045,0.2395599,-0.6255269,-90.7487810,25.5582402,-9.3283313,-1.4043580,1.2959231,-0.0267926,37.7474404,16.5476531,-9.3598166,5.2200000,0.1244751,0.8574149,0.1199480,-0.4847247,-33.9031556,26.5014800,-33.1010242,-0.2353018,3.5729528,-0.4374232,39.7927076,-0.9687632,15.2721569,5.2200000,-0.1368873,0.4003697,0.5548567,-0.7163100,-18.0192875,8.4398450,13.7092377,-4.3738261,4.8602794,2.3725013,10.2459452,39.7507597,-16.0696572
9,5.2300000,0.6556132,0.3422646,0.5971695,-0.3105073,-19.0153505,-2.2571881,15.9200256,-0.4843681,-2.1940678,0.1732744,47.7342544,1.2817774,2.9808902,5.2300000,0.4989060,0.6782041,0.3388374,-0.4199061,-8.3385002,1.9169078,0.3559056,0.1424999,-0.8344643,2.3560757,44.2793472,-4.5528413,5.3239770,5.2300000,0.5095529,0.1437287,0.5704630,0.6279091,-4.3330423,13.5207615,-5.7279578,0.1284993,-0.2349786,-1.0968243,13.6757101,-46.4369621,-1.9794304,5.2300000,0.6481500,0.5365142,0.1156451,-0.5279017,-19.0006201,-0.5905514,13.2209583,2.7155378,0.2258659,1.4202343,40.1752496,-18.3625394,-24.2014521,5.2300000,0.8126922,0.3429612,0.1914446,-0.4304161,-14.6826178,-6.3618455,16.5101599,0.1636538,5.1360522,-0.4552462,35.2856904,-15.8223060,-38.4091663,5.2300000,0.1650121,-0.4877040,-0.0823287,0.8533099,-23.8344794,-20.1479707,11.4099549,2.5309079,-0.7594328,1.0448008,35.6368586,10.2073300,-40.1529504,5.2300000,0.5208721,0.2688365,0.0294016,-0.8096634,8.8776794,-17.0260428,16.9707116,-1.0347038,1.2084658,-0.0523066,13.2659130,0.7513358,-36.2329534,5.2300000,-0.0015856,0.7358760,0.2340157,-0.6353902,-50.8034176,14.1204385,21.6913208,3.2789822,-1.6097334,-1.3029291,36.9054296,17.1205804,-11.2070043,5.2300000,0.1287581,0.8642526,0.1236868,-0.4703087,-19.5324319,37.8758399,-25.8748871,-1.2580694,3.1226923,0.3041128,39.5459399,-1.4001607,15.7434051,5.2300000,-0.1252313,0.4293969,0.5642900,-0.6939108,-23.3427037,9.2225420,13.6282182,-5.6864103,4.2569702,3.5273325,11.9552176,39.8367936,-13.3079840
10,5.2400000,0.6485200,0.3511958,0.5987936,-0.3122971,-17.7490815,-0.5341041,4.2366133,1.7875613,1.4909757,0.2714153,47.5841362,1.2817774,4.1656253,5.2400000,0.5062356,0.6806843,0.3272405,-0.4163029,-11.5101962,-0.8713438,0.6889419,-0.0247313,-0.9578715,2.7164351,44.2523533,-5.5978634,4.8331026,5.2400000,0.5139504,0.1446729,0.5740283,0.6208190,-3.7165928,13.1291598,-11.0999596,1.2238646,-0.4619697,-1.2778007,14.2119199,-46.3756322,-1.3843928,5.2400000,0.6452345,0.5453090,0.1035333,-0.5249680,-17.0976580,1.0462803,14.9202671,2.6681315,-0.2637856,1.5726673,39.9555135,-19.2846319,-23.8534616,5.2400000,0.8086638,0.3478551,0.2152049,-0.4227843,-15.6503023,-5.8442848,17.8205820,-1.2588973,4.9515535,-0.5532286,36.9177782,-15.4814678,-36.7429292,5.2400000,0.1675516,-0.4841350,-0.0682164,0.8560878,-13.6939552,-11.4246037,6.3259142,2.8319348,-0.3726752,0.9703789,35.5696787,9.0161114,-40.4133932,5.2400000,0.5198165,0.2771355,0.0336828,-0.8073736,-4.1192027,0.5723112,7.0468421,0.1967383,1.9219850,-0.0872740,13.9962910,0.7243678,-36.2024074,5.2400000,-0.0217270,0.7119913,0.2475617,-0.6567416,-1.3742941,2.3106059,21.9714164,2.2505050,-5.2418433,-5.6596761,35.4128693,19.1060831,-13.0762695,5.2400000,0.1401701,0.8647545,0.1213902,-0.4667081,-0.9338585,22.7687864,5.6747052,-1.8183326,0.3253044,1.5825063,39.5325510,-2.3318240,15.9260290,5.2400000,-0.1040945,0.4610316,0.5732136,-0.6693582,-30.6178134,5.7182212,12.4329811,-6.7485844,3.7476521,5.1136193,14.1278963,39.6310755,-10.2680083
11,5.2500000,0.6327543,0.3642170,0.6091241,-0.3097353,-16.4778530,-2.3086274,-8.5568866,1.8623305,4.2202710,0.1726105,47.3520276,1.4216645,6.2633499,5.2500000,0.5138425,0.6816304,0.3155336,-0.4144688,-14.1766013,-5.7326496,1.7858097,-0.0932004,-1.3556960,2.4749424,44.2556106,-6.5644484,4.2349668,5.2500000,0.5199264,0.1462373,0.5767347,0.6129178,-4.0464856,11.3302157,-13.6394414,1.2278135,-0.8306014,-1.4605052,14.9747366,-46.0309931,-0.9502609,5.2500000,0.6419200,0.5529358,0.0937813,-0.5228822,-18.0713131,5.2949661,14.7933219,2.3333202,-0.1685196,1.1383772,39.8481483,-20.1423906,-23.3288361,5.2500000,0.8070272,0.3457243,0.2405056,-0.4139310,-15.5944143,-9.8796057,20.6745862,-2.7447275,4.5886780,-0.5629014,38.4267420,-14.4589125,-35.2554054,5.2500000,0.1738068,-0.4831324,-0.0574034,0.8562004,-11.1688695,0.2888536,8.0770339,2.5044272,0.2649974,-0.0396455,35.6437493,8.2501681,-40.4633472,5.2500000,0.5188363,0.2832203,0.0370287,-0.8057444,-11.6686074,7.4849950,3.7363785,0.1160219,1.4306804,-0.1049046,14.4386043,0.6103702,-36.0878384,5.2500000,-0.0279002,0.6909496,0.2693363,-0.6702748,25.7734353,-5.9785584,2.1072147,-1.2192723,-4.4819979,-4.8892764,34.2052662,20.8679862,-13.7148837,5.2500000,0.1574300,0.8669146,0.1112702,-0.4596670,-6.0785764,-11.0391946,14.1199496,-2.1368607,0.7138567,3.6181643,39.2708758,-4.1267408,16.2602615,5.2500000,-0.0741352,0.4936443,0.5790364,-0.6446209,-33.7888565,0.0634624,12.1917467,-7.2004183,2.9524026,6.6746429,16.6789682,39.0325025,-7.2040767
12,5.2600000,0.6166550,0.3709667,0.6231157,-0.3063448,-23.2122235,-5.8139661,-9.5739486,0.7651449,4.3960603,-0.7738676,46.9557841,1.8880141,8.0931516,5.2600000,0.5184007,0.6819294,0.3038557,-0.4170189,-17.3183280,-6.7137020,2.3457590,0.5299080,-1.8116297,1.7269051,44.4760240,-7.0565604,3.4552701,5.2600000,0.5283673,0.1465015,0.5762820,0.6060234,-4.9663378,10.3770863,-7.9529160,0.5184063,-1.2571341,-1.7162668,15.6035642,-45.8854192,-0.9706351,5.2600000,0.6371574,0.5599558,0.0903227,-0.5218446,-17.5660622,10.6676295,12.4362758,1.7797369,0.4847438,0.1436708,40.1224125,-20.4018929,-22.6755810,5.2600000,0.8059522,0.3388223,0.2661063,-0.4059900,-13.6100289,-17.9749972,24.2493420,-3.5349516,4.1518796,-0.9139833,39.4596673,-13.1713852,-33.8086237,5.2600000,0.1846684,-0.4847902,-0.0525475,0.8532965,-14.8029827,7.5293008,7.1525872,1.8022858,0.8578828,-1.4784236,35.8428816,8.1087855,-40.3313153,5.2600000,0.5177095,0.2853873,0.0398993,-0.8055675,-9.9215389,5.2175272,6.2984172,-0.1972838,0.6697069,-0.2780596,14.4549427,0.7296902,-36.0714990,5.2600000,-0.0205350,0.6805799,0.2902862,-0.6724011,42.3272504,-23.1732693,-6.8297439,-3.6534650,-2.1993851,-2.4484441,33.5773786,22.0520676,-13.2937442,5.2600000,0.1739593,0.8710237,0.0934019,-0.4498132,-19.6067069,-28.7665632,1.2137209,-1.2995086,1.1531297,5.0265007,38.8364804,-6.1051665,16.4590281,5.2600000,-0.0381476,0.5252520,0.5795409,-0.6219223,-33.8586395,-5.4346344,14.0015185,-6.8717068,2.0088690,7.8770241,19.6191801,37.8164656,-4.5928903
13,5.2700000,0.6025338,0.3730972,0.6349681,-0.3075176,-34.3410489,-4.2675349,-5.3149177,0.7485479,3.2639054,-1.6324215,46.5827955,2.6628496,9.3879694,5.2700000,0.5186293,0.6819477,0.2929366,-0.4244515,-18.4853463,-3.9507106,0.8548063,1.3244911,-2.1592249,0.7391192,44.7622993,-7.0233937,2.5037650,5.2700000,0.5387363,0.1446841,0.5734730,0.5999654,-7.4199038,10.8957541,-2.6542069,-0.1400587,-1.4514601,-2.0322302,16.4449593,-45.5170734,-1.1487044,5.2700000,0.6299049,0.5664446,0.0934126,-0.5231008,-13.5607451,12.7252560,8.4589589,1.3481073,1.0526123,-1.1509062,40.3755765,-20.0870714,-21.9366592,5.2700000,0.8021968,0.3343750,0.2899638,-0.4007427,-12.6120101,-25.5857341,30.0156698,-2.6727523,4.0300976,-1.3171187,40.7023542,-12.0793012,-32.1714630,5.2700000,0.1975449,-0.4865097,-0.0530273,0.8493953,-14.4563951,14.0028302,5.1861225,1.0742313,0.7892633,-2.3758775,35.8580950,8.4708355,-40.1238102,5.2700000,0.5169240,0.2849606,0.0411255,-0.8061611,-7.9968088,4.1686195,6.4180461,-0.2147681,0.0348562,-0.2291441,14.3647409,0.9250087,-36.0498389,5.2700000,-0.0110654,0.6806937,0.3051252,-0.6659071,17.7714793,-22.8713213,-4.8006933,-3.6614092,0.2865986,-0.7601418,33.6365918,22.6211584,-12.5419450,5.2700000,0.1810148,0.8747921,0.0768685,-0.4427908,-30.1349764,-28.9246601,-11.6276939,0.2715676,0.8526400,3.8363745,38.5009684,-7.4094082,16.7771181,5.2700000,0.0011064,0.5555845,0.5735306,-0.6019862,-33.9316603,-9.8809654,16.3510594,-6.0877343,1.2410324,8.8291868,22.9029625,35.8116169,-2.3496096
14,5.2800000,0.5930892,0.3728524,0.6422842,-0.3109619,-34.3531931,-4.0112696,-6.1899276,0.6809630,1.8076049,-1.5815573,46.3021886,3.5173680,9.9269238,5.2800000,0.5161218,0.6808046,0.2844493,-0.4349851,-16.7986275,-1.9754240,-0.7695059,1.5522921,-2.2683189,-0.2143534,45.0112540,-6.5958529,1.6071729,5.2800000,0.5497084,0.1428673,0.5705521,0.5931946,-10.3466176,11.1290193,-0.5953486,-0.0901442,-1.5512944,-2.1771600,17.4976412,-45.2841221,-1.2015728,5.2800000,0.6205316,0.5717450,0.0984178,-0.5276003,-8.2434791,10.0460973,3.9506138,1.2964486,0.8440175,-2.0192549,40.8093925,-19.4314609,-21.5004937,5.2800000,0.7930885,0.3385800,0.3098010,-0.4004966,-15.2456441,-28.1846027,30.1420353,-0.3142746,4.0544505,-1.7778591,41.8750864,-11.1829469,-30.1384507,5.2800000,0.2088986,-0.4879510,-0.0562792,0.8456346,-11.3387619,14.9984779,4.7921829,0.4675835,0.6026585,-2.3843054,35.7726418,9.0354547,-39.9162765,5.2800000,0.5164292,0.2825380,0.0413954,-0.8073163,-8.5120260,2.1967906,5.4507217,-0.2785795,-0.4205078,-0.2027031,14.2196288,1.0606671,-36.0640417,5.2800000,-0.0076440,0.6840126,0.3146590,-0.6580715,-6.1465685,-27.2133886,7.4544271,-2.2203330,1.2766466,-0.6507696,33.5341247,23.0640079,-11.7990983,5.2800000,0.1816467,0.8758614,0.0708434,-0.4414209,-17.7834500,-19.0409815,-12.1599813,0.4537617,0.1038168,1.1826535,38.5737197,-7.8005309,16.4671059,5.2800000,0.0430588,0.5839410,0.5604718,-0.5856878,-35.0411710,-10.9749876,16.4106018,-5.1351763,0.3010810,9.7012015,25.9161563,33.7403754,-0.9084359
15,5.2900000,0.5901103,0.3719863,0.6441237,-0.3138482,-25.9339637,-4.6676738,-8.9600265,0.3941946,0.3303123,-0.7845992,46.1682362,3.9697108,9.8002404,5.2900000,0.5123267,0.6786851,0.2791132,-0.4460984,-16.0122896,-0.9395488,-0.8693444,1.3855480,-2.0338079,-0.8706511,45.1680719,-5.8504887,0.7973049,5.2900000,0.5598199,0.1432574,0.5689917,0.5850876,-11.6735990,10.8404997,0.1880741,0.4905387,-1.6027086,-2.0084634,18.2842078,-44.8315244,-1.0181275,5.2900000,0.6125393,0.5741984,0.1031220,-0.5333456,-4.7075605,6.8776217,3.2496938,0.8402687,0.3377577,-2.0490917,41.2696853,-18.8356472,-21.2956491,5.2900000,0.7770801,0.3524190,0.3244133,-0.4082933,-19.1869758,-22.9465798,25.4955558,2.5981798,3.8806096,-2.6555710,43.0709981,-10.4801346,-27.9232914,5.2900000,0.2163379,-0.4899692,-0.0597125,0.8423553,-11.1183944,9.4120386,6.5727656,0.0361529,0.6016047,-1.7133694,35.8874951,9.6255868,-39.7007465,5.2900000,0.5167922,0.2777294,0.0407423,-0.8087844,-5.1078926,-0.2065358,7.7874421,-0.4215908,-0.9260951,-0.0641416,13.9694004,1.1508688,-36.2762716,5.2900000,-0.0052298,0.6857640,0.3215255,-0.6529332,-18.5438694,-32.5217667,5.5889012,-1.5593886,0.7685837,-0.5129699,33.4504978,23.2282848,-11.3693281,5.2900000,0.1778395,0.8728465,0.0701682,-0.4489860,-6.5353584,-4.5482415,0.8911014,0.7372421,-1.5647209,-0.5288026,38.9713462,-7.5151788,15.9958403,5.2900000,0.0879893,0.6097458,0.5415394,-0.5720167,-38.4101445,-8.8467998,15.6414087,-4.5358947,-0.6733742,10.4219298,29.7731405,30.7486058,0.2502597
16,5.3000000,0.5945722,0.3708231,0.6393276,-0.3165981,-19.2830540,-1.5226993,-5.5698873,0.2045056,-1.4199532,0.1539919,46.4062480,3.9829214,8.6855288,5.3000000,0.5077529,0.6768053,0.2755544,-0.4562800,-16.4880650,1.1987668,-0.0163868,1.3051852,-1.6604894,-1.0723784,45.3219510,-5.0943041,0.2005000,5.3000000,0.5680228,0.1471555,0.5692370,0.5759033,-11.3438390,11.3365150,-1.2767845,1.2716780,-1.6241935,-1.5578242,18.8911024,-44.6496401,-0.4767113,5.3000000,0.6085634,0.5731838,0.1094380,-0.5377121,-4.8440808,4.8230532,5.0340715,-0.2454122,0.2402824,-1.7086830,41.5843913,-17.9632900,-21.1646664,5.3000000,0.7551390,0.3712065,0.3348457,-0.4240863,-23.0959534,-14.9672542,21.0772783,4.6460887,3.4570280,-3.7672123,44.2463898,-9.5637441,-25.9167423,5.3000000,0.2191261,-0.4920610,-0.0615513,0.8402804,-14.2453594,2.7818107,8.8532792,-0.1398362,0.5094207,-0.7205102,35.9630089,9.8910597,-39.5611320,5.3000000,0.5180286,0.2724964,0.0396754,-0.8098259,-1.2376354,-0.2294186,10.9705259,-0.4504714,-1.0210072,0.1414328,13.5720177,1.3034382,-36.4424712,5.3000000,-0.0051015,0.6870112,0.3206573,-0.6520495,-27.4881357,-20.3173530,1.2187992,0.0382956,0.2741970,0.2214082,33.4901017,23.1776360,-11.7041824,5.3000000,0.1681102,0.8719425,0.0745909,-0.4537525,-13.1339759,10.2847132,-0.5338002,1.3492223,-0.6222616,-1.8212757,39.1236691,-6.6736808,16.2157641,5.3000000,0.1386364,0.6317146,0.5208565,-0.5571581,-43.9277067,-6.6457473,16.9535471,-5.2418356,-1.5987659,10.8924414,32.7008072,27.3795011,1.1284785
17,5.3100000,0.6057677,0.3678225,0.6277028,-0.3220889,-13.9849705,0.4796744,0.5104548,0.2694553,-3.4127711,0.5259694,46.8336825,3.8153172,7.0351706,5.3100000,0.5033237,0.6756345,0.2719481,-0.4650027,-16.7780896,3.4990495,1.2668306,1.2815151,-1.4112501,-0.8653448,45.4799607,-4.4370248,-0.3305692,5.3100000,0.5739494,0.1543731,0.5709319,0.5663813,-10.0909046,12.5001102,-3.2933893,1.9223572,-1.5944634,-0.9991683,19.1017486,-44.5110294,0.2190998,5.3100000,0.6065364,0.5705401,0.1166190,-0.5412925,-6.6676398,3.8081017,7.2908156,-0.7779993,0.2184737,-1.5379507,41.8922382,-17.1603260,-21.2623195,5.3100000,0.7306801,0.3874533,0.3430159,-0.4453388,-27.3529309,-9.6408606,19.5137458,5.0070303,2.6636019,-4.8075672,45.1660141,-8.2396106,-24.4921769,5.3100000,0.2179300,-0.4932612,-0.0612400,0.8399105,-16.5949445,-1.9687817,9.9952479,-0.1105461,0.2369675,0.2244191,35.9630089,9.8605217,-39.5916703,5.3100000,0.5190407,0.2699176,0.0390818,-0.8100703,-0.1498617,0.3830866,11.7469875,-0.2433657,-0.4981521,0.1784511,13.6823639,1.3794366,-36.4235185,5.3100000,-0.0114603,0.6852339,0.3124552,-0.6577955,-24.9661533,-0.3372223,2.5892080,2.3143719,-0.6075880,0.1959158,33.4116631,22.9869074,-12.5420194,5.3100000,0.1598071,0.8750373,0.0829791,-0.4493172,-25.3652497,22.5055760,-8.5903064,0.7379420,1.4573242,-2.0142934,38.9403530,-5.8918365,16.8102027,5.3100000,0.1970935,0.6475700,0.5015512,-0.5387520,-50.7238310,-6.2854698,16.2752867,-6.9339108,-2.5867746,11.0497393,35.4955544,23.1797885,1.7738724
18,5.3200000,0.6153300,0.3657584,0.6165374,-0.3278282,-10.0141685,0.2935294,3.4682403,0.5046617,-3.1100062,0.4744713,47.0230751,3.6287492,6.0536125,5.3200000,0.5000397,0.6749228,0.2673238,-0.4722049,-17.7352946,4.1837578,2.4694234,1.1849340,-1.3279780,-0.4431049,45.5776207,-4.0136769,-1.0167424,5.3200000,0.5779051,0.1623583,0.5733094,0.5576575,-9.5076287,14.1151510,-4.9769974,2.0571577,-1.3526022,-0.6172178,19.3812946,-44.2314847,0.8861330,5.3200000,0.6032319,0.5686323,0.1222802,-0.5457254,-8.5031301,2.4752903,8.7315500,-0.3584388,0.0463046,-1.5891305,42.1855296,-16.3667825,-21.3170949,5.3200000,0.7069068,0.3958901,0.3500501,-0.4701262,-28.8937218,-7.0587652,18.9717487,4.1560772,1.4812813,-5.7107252,45.8372570,-6.0382807,-23.5504425,5.3200000,0.2140882,-0.4927189,-0.0595579,0.8413366,-15.8767789,-6.2370589,9.9612217,-0.0433239,-0.2055768,0.8610192,35.9549974,9.6346786,-39.7614303,5.3200000,0.5191873,0.2711226,0.0392770,-0.8095643,-1.2719064,1.2428809,10.7590855,0.0631345,0.2436786,0.1019682,13.8079500,1.3794366,-36.3306097,5.3200000,-0.0185126,0.6809099,0.3046313,-0.6657468,-17.6744695,9.0653105,6.1408000,2.5034296,-1.2022382,-0.1012734,33.3441901,22.9226178,-13.2680194,5.3200000,0.1598217,0.8790611,0.0856634,-0.4408745,-25.3660280,20.5431732,-11.6644030,-0.2419110,1.9217073,-0.1250753,38.6423862,-5.9902933,17.2815481,5.3200000,0.2615310,0.6562529,0.4819865,-0.5182882,-54.2288045,-9.4098861,12.9095636,-8.1802637,-3.6813227,11.0913835,37.9719964,18.9443911,1.8807506
19,5.3300000,0.6170639,0.3678158,0.6125523,-0.3297321,-7.7921542,-0.7992724,2.2820642,0.6407347,-0.7101602,0.4162201,46.9074640,3.5068354,6.0693549,5.3300000,0.4980247,0.6744203,0.2611248,-0.4784793,-18.8772566,3.5573830,2.6468052,1.1335891,-1.4084105,-0.0065826,45.6312752,-3.8183497,-1.6782304,5.3300000,0.5813924,0.1689647,0.5750882,0.5501885,-8.7483467,15.0478975,-3.7437263,1.7025407,-1.1737067,-0.5584818,19.6175503,-44.0258728,1.3509604,5.3300000,0.5974859,0.5683609,0.1257264,-0.5515155,-11.1795642,1.0125065,8.2586307,0.3865430,-0.1332450,-1.7253010,42.3957344,-15.6135128,-21.2408810,5.3300000,0.6853565,0.3957893,0.3566513,-0.4964243,-25.8576565,-5.7119735,18.2572137,2.9193164,0.3423055,-6.2786079,46.1431629,-3.3683034,-23.2804755,5.3300000,0.2092306,-0.4909968,-0.0576585,0.8436944,-12.0782221,-9.4662087,8.8815768,-0.0452310,-0.4987007,1.0791998,35.9427904,9.2776070,-39.9048618,5.3300000,0.5184612,0.2750895,0.0403002,-0.8086407,-3.1585923,2.4303719,9.0989713,0.2585839,0.8068903,-0.0172989,13.9414734,1.3197766,-36.2329496,5.3300000,-0.0214706,0.6768159,0.3034561,-0.6703534,-10.4554795,8.1806303,5.6251446,0.8560000,-0.9900162,-0.4599237,33.0144309,23.0959301,-13.7040943,5.3300000,0.1682351,0.8791387,0.0798638,-0.4386729,-12.3182490,10.3743592,-4.0294221,-0.9897675,0.0613342,1.8399009,38.6162558,-6.9295207,16.9393334,5.3300000,0.3271947,0.6566883,0.4617791,-0.4984617,-52.2742669,-14.7426919,8.6331616,-8.6516410,-4.7492678,10.4786200,39.9616919,14.5113499,1.1228211
20,5.3400000,0.6115407,0.3736832,0.6154109,-0.3280979,-7.6409203,-1.3607428,-0.0459172,0.7599909,1.5350578,0.3376686,47.0617948,3.4091831,6.9829116,5.3400000,0.4966992,0.6740406,0.2532871,-0.4845667,-18.4888919,3.5853619,1.7429132,1.1997702,-1.5707634,0.3056398,45.6697871,-3.7550656,-2.2667915,5.3400000,0.5860899,0.1730210,0.5751694,0.5438221,-7.4177626,14.9679377,-0.7519895,1.0513885,-1.1920953,-0.7991139,20.0254265,-43.8152304,1.5106027,5.3400000,0.5899588,0.5694753,0.1271272,-0.5581086,-14.1622711,0.0282903,6.8318810,1.0003946,-0.2712899,-1.7503945,42.6342274,-15.0272807,-21.2194374,5.3400000,0.6662415,0.3895500,0.3630324,-0.5220925,-20.1628280,-4.9974874,16.6481697,1.8620139,-0.4208715,-6.3707820,46.1154540,-0.7981664,-23.6669981,5.3400000,0.2051860,-0.4897482,-0.0559429,0.8455269,-7.0922474,-9.6029720,8.3784746,-0.0222616,-0.3655586,0.9074435,35.9305833,8.8789581,-39.9506346,5.3400000,0.5171339,0.2799130,0.0421754,-0.8077391,-4.8731367,3.1738321,7.9614085,0.2423734,1.0375086,-0.1566319,14.2819037,1.1699148,-35.9637676,5.3400000,-0.0230851,0.6736549,0.3072475,-0.6717553,-5.0997622,-0.1233192,4.0489907,-0.1901647,-0.5339968,-0.9092262,32.7360712,23.3368752,-13.6628112,5.3400000,0.1782480,0.8755224,0.0697496,-0.4436477,-5.7722522,4.5656493,0.7843907,-0.9023574,-1.6953220,2.4383789,38.7890738,-7.8905132,16.3372444,5.3400000,0.3889074,0.6493798,0.4409028,-0.4823501,-45.0317666,-17.1087187,5.6024777,-8.2323618,-5.6666632,9.2211117,41.4501545,10.4072622,-0.4055297
21,5.3500000,0.6027864,0.3806978,0.6209120,-0.3258619,-7.9159637,-1.2219610,-1.4597124,0.8942704,2.3762145,0.1430378,47.0838085,3.3814507,8.0027337,5.3500000,0.4955477,0.6736694,0.2448865,-0.4905432,-16.7343883,4.4097618,0.7338516,1.2259669,-1.6197972,0.4099896,45.7112232,-3.7646992,-2.9625822,5.3500000,0.5922778,0.1741556,0.5737842,0.5381901,-6.9261902,14.4918258,1.5016034,0.4135447,-1.1924063,-1.1604185,20.5412526,-43.5528992,1.4148588,5.3500000,0.5816202,0.5721217,0.1261990,-0.5643302,-16.6232147,0.8652716,5.1285733,1.5291498,-0.3154930,-1.4949597,42.8938399,-14.5938002,-21.0762279,5.3500000,0.6480628,0.3803221,0.3692033,-0.5468626,-15.4219548,-5.5066275,14.7543836,1.3477146,-0.7586369,-6.3539179,45.9863874,1.9639882,-23.9388503,5.3500000,0.2033520,-0.4903481,-0.0540583,0.8457449,-5.2827424,-7.8903286,7.6691772,0.1289356,0.1368601,0.5046135,36.1186874,8.6764004,-39.8186190,5.3500000,0.5158981,0.2843020,0.0446172,-0.8068648,-5.0709613,1.7041780,8.3170946,0.1009745,1.0234805,-0.1808243,14.6603331,1.1583263,-35.7568602,5.3500000,-0.0235643,0.6711949,0.3135390,-0.6712939,-0.2141496,-8.0202224,3.2029125,-0.7967261,-0.2701427,-1.0590899,32.4916063,23.8153743,-13.5167987,5.3500000,0.1872685,0.8729782,0.0610968,-0.4462138,-7.0104870,-1.7965659,-1.6492886,-0.8538449,-1.1124439,2.1951877,38.8164633,-8.6913613,15.8896831,5.3500000,0.4443018,0.6383264,0.4165688,-0.4707501,-36.6196603,-15.6777349,4.5677578,-6.9712683,-6.3065933,8.3902153,42.3049153,6.4889936,-2.6665552
22,5.3600000,0.5944392,0.3864587,0.6259268,-0.3248190,-8.4696428,-0.6458205,-2.0288216,0.8919590,2.0944669,-0.0928776,46.5263691,3.5212987,8.8971947,5.3600000,0.4946198,0.6731103,0.2374098,-0.4958935,-14.9904887,4.8898147,0.3124216,1.0557502,-1.4733161,0.3604550,45.6550113,-3.7550558,-3.6143607,5.3600000,0.5993404,0.1729319,0.5716769,0.5329833,-8.1454996,13.4831574,3.9650988,-0.0225483,-1.1100519,-1.4496483,21.1585680,-43.3767107,1.2815234,5.3600000,0.5728872,0.5767448,0.1230167,-0.5692386,-16.6182207,4.7637194,2.5609423,2.0204508,-0.1909853,-1.0769007,42.9727391,-14.3957858,-20.7710188,5.3600000,0.6288857,0.3704675,0.3751813,-0.5713979,-13.0600853,-6.2712069,12.7902144,1.3463841,-0.7601914,-6.4643398,45.6404149,4.8333700,-24.3001153,5.3600000,0.2038954,-0.4923549,-0.0516903,0.8445954,-6.6033700,-6.4892163,5.5211545,0.3718551,0.5543161,0.1094642,36.2113515,8.4425177,-39.6832028,5.3600000,0.5151100,0.2884763,0.0472634,-0.8057353,-4.3548092,1.0320749,9.0218440,0.0178092,1.0203682,-0.0960372,15.0387625,1.1963255,-35.6666597,5.3600000,-0.0230303,0.6707114,0.3197563,-0.6688585,-2.7189699,-11.0115574,0.8593262,-1.0558718,0.1968967,-0.7984492,32.3619870,24.2265569,-13.2214170,5.3600000,0.1966044,0.8709247,0.0562796,-0.4468440,-10.5261160,-6.8245000,-3.1574331,-1.2566456,-0.5908010,1.6320663,38.7492739,-9.5385242,15.5398220,5.3600000,0.4923489,0.6266307,0.3882648,-0.4627927,-30.7763000,-13.9971023,4.4166373,-5.4100868,-6.5556342,7.8413428,42.7922927,3.4347079,-5.2791672
23,5.3700000,0.5880178,0.3902472,0.6293393,-0.3253834,-9.6812557,-0.1894327,-2.1362956,0.8139267,1.4104661,-0.2818366,46.3236291,3.8477518,9.3443965,5.3700000,0.4943318,0.6722473,0.2313196,-0.5002109,-14.2680444,4.7531849,0.5235046,0.7528833,-1.2576728,0.3251525,45.6771693,-3.8527195,-4.2125503,5.3700000,0.6064003,0.1702593,0.5691877,0.5285033,-9.2699648,12.4486439,6.0661564,-0.3205110,-0.9749625,-1.5142500,21.8443295,-42.8417565,0.8908865,5.3700000,0.5638207,0.5822903,0.1181219,-0.5736650,-13.9182368,9.4726323,0.5958141,2.3477133,-0.2183730,-0.8394343,42.9822655,-14.2552783,-20.5114064,5.3700000,0.6081280,0.3612293,0.3807966,-0.5955566,-12.3325463,-7.2784692,10.1542262,1.5544397,-0.5884444,-6.5245425,44.8290778,8.0608599,-24.5235421,5.3700000,0.2061751,-0.4941040,-0.0485835,0.8432038,-7.8650723,-4.9701732,4.7822749,0.6756309,0.5826977,-0.1236187,36.3353524,8.2094620,-39.5855491,5.3700000,0.5145093,0.2932234,0.0499392,-0.8042427,-4.6542079,2.2241303,8.5081266,0.0575433,1.1348143,-0.0251116,15.4171919,1.2559856,-35.5140903,5.3700000,-0.0236798,0.6721742,0.3222578,-0.6661615,-9.5407452,-10.7537857,0.3101210,-0.4257349,0.5850563,-0.3350579,32.3491277,24.2688078,-12.9812874,5.3700000,0.2033269,0.8686267,0.0533556,-0.4486635,-10.7808290,-7.4260095,-4.0420057,-0.9669830,-0.7159715,1.0191274,38.7565854,-10.0183412,15.2468489,5.3700000,0.5328730,0.6151032,0.3577594,-0.4579331,-26.2662843,-12.9957874,5.1998679,-4.0015129,-6.5456840,7.1428710,42.9506234,0.5788147,-7.9291033
24,5.3800000,0.5839473,0.3930735,0.6305745,-0.3269168,-11.0011957,-0.0941935,-2.1625208,0.7809473,0.7202405,-0.1939054,46.3358365,4.0251325,9.5639826,5.3800000,0.4947784,0.6709996,0.2262334,-0.5037582,-14.0032990,4.3707728,1.1980100,0.4798941,-1.1273951,0.3220853,45.7337524,-3.9118703,-4.7226977,5.3800000,0.6125175,0.1675953,0.5667799,0.5248759,-9.2000668,11.6247939,6.7123641,-0.3749542,-0.8309705,-1.3133493,22.3295102,-42.6464363,0.5615405,5.3800000,0.5549089,0.5867572,0.1125721,-0.5788951,-10.9629805,12.0252005,1.3468672,2.3021961,-0.5132245,-0.8615338,42.9822655,-14.3100455,-20.4351940,5.3800000,0.5855765,0.3530635,0.3860400,-0.6192088,-13.1636858,-8.8159278,7.5222546,1.8203611,-0.3322557,-6.5681240,44.2002692,10.7153377,-24.8494708,5.3800000,0.2096571,-0.4948722,-0.0445215,0.8421183,-8.8115724,-3.7212362,4.9951366,0.9989558,0.4381229,-0.2288926,36.4665780,8.0782377,-39.5519867,5.3800000,0.5138151,0.2982059,0.0528617,-0.8026661,-5.8124877,2.3548374,7.4080832,0.0457679,1.2041559,-0.0429507,15.7434193,1.2939848,-35.3262298,5.3800000,-0.0256470,0.6736272,0.3201887,-0.6656184,-11.0563987,-10.0524351,1.0736167,0.4991927,0.4007396,0.1133563,32.4912889,24.1025504,-13.0370302,5.3800000,0.2042982,0.8672472,0.0502720,-0.4512398,-9.2760275,-5.2318564,-4.0279059,0.0918150,-0.7101501,0.5097821,38.8969263,-10.2136708,15.0353804,5.3800000,0.5669034,0.6041849,0.3258676,-0.4554025,-23.0287881,-11.7372430,6.8414763,-2.8382254,-6.4462165,6.5280229,42.5869319,-2.4136402,-10.7841644
25,5.3900000,0.5815399,0.3965090,0.6296115,-0.3289092,-12.1343642,-0.4211029,-2.1292092,0.9229427,0.2574967,0.1109601,46.3393021,4.0528579,9.6893678,5.3900000,0.4954587,0.6693637,0.2217715,-0.5072378,-12.9657956,4.8250691,1.5594592,0.3440698,-1.1062382,0.2510434,45.5865916,-3.9625818,-5.2520351,5.3900000,0.6171276,0.1660067,0.5652452,0.5216255,-9.0054636,11.4368831,5.7479558,-0.1439556,-0.6531552,-1.0161155,22.7170311,-42.4338787,0.5462178,5.3900000,0.5467923,0.5897816,0.1076243,-0.5844595,-9.4348045,11.8181533,3.3416659,1.9865765,-0.6705340,-0.9096917,42.9608223,-14.1909448,-20.4137500,5.3900000,0.5608635,0.3459476,0.3905878,-0.6428013,-14.3479471,-10.3374618,4.3488752,2.1776742,-0.1120733,-6.6987736,43.3838860,13.1756077,-25.0753740,5.3900000,0.2139975,-0.4943701,-0.0398295,0.8415562,-8.5946467,-2.6202214,5.1580331,1.2479286,0.2064456,-0.3004939,36.5562262,7.8523681,-39.6241035,5.3900000,0.5128325,0.3026791,0.0556505,-0.8014307,-6.7885075,1.9986412,6.7338295,0.0360138,1.0910351,-0.1229954,16.2004617,1.2939848,-35.1356609,5.3900000,-0.0282601,0.6741271,0.3164783,-0.6667800,-7.1354714,-8.8792553,1.0671517,0.9187485,0.0940273,0.1962322,32.4861499,24.0410380,-13.2249609,5.3900000,0.2003725,0.8670151,0.0459357,-0.4539004,-9.6086233,-2.4578044,-3.4839904,1.1019455,-0.6232219,0.2932760,38.9538231,-10.2867002,14.9377212,5.3900000,0.5956647,0.5941145,0.2927622,-0.4544246,-22.2448349,-9.1323422,7.7813686,-1.8860641,-6.3392239,6.0873632,42.0115282,-4.6988321,-13.3006753
26,5.4000000,0.5793441,0.4009915,0.6277079,-0.3309817,-12.7365628,-1.2923795,-2.3479072,1.0998842,0.1839612,0.3221006,46.2693677,4.1227916,9.8569608,5.4000000,0.4961191,0.6673263,0.2179860,-0.5109047,-12.0186454,5.5459259,1.6524405,0.2465469,-1.1041818,0.1221732,45.4670757,-4.0162358,-5.8531400,5.4000000,0.6204386,0.1655476,0.5650617,0.5180301,-8.7816691,10.9090803,4.4961551,0.2187927,-0.4691188,-0.8404203,23.0203011,-42.1612557,0.4964421,5.4000000,0.5400968,0.5919696,0.1033748,-0.5892207,-9.2109379,10.3831308,4.8630210,1.6285564,-0.6277837,-0.7561406,42.9060469,-14.0385141,-20.3804106,5.4000000,0.5337451,0.3398874,0.3942865,-0.6664314,-14.8313057,-12.1016255,1.5786146,2.5747741,0.1142526,-6.8711524,42.2575178,15.8311871,-25.4741045,5.4000000,0.2190826,-0.4925536,-0.0352004,0.8415193,-7.4997403,-1.4044276,5.7414153,1.3714134,-0.0634616,-0.4200709,36.5855865,7.5593906,-39.7900594,5.4000000,0.5116394,0.3064241,0.0579725,-0.8006051,-6.4213931,1.8759108,7.1566667,0.0539388,0.9035844,-0.1800329,16.5979193,1.2939848,-34.9478116,5.4000000,-0.0324436,0.6744689,0.3137305,-0.6675420,-5.4988444,-7.7268812,0.1477584,0.9777266,0.2208227,-0.1552831,32.5087914,24.1096210,-13.3867019,5.4000000,0.1935757,0.8676694,0.0398463,-0.4561694,-10.9779381,0.0024779,-3.5853464,1.7908396,-0.5187354,0.3606373,38.9589178,-10.1075275,14.9623427,5.4000000,0.6202532,0.5844865,0.2593196,-0.4543290,-23.6233489,-5.3280090,7.0235428,-1.2468313,-6.1891913,5.6815235,41.0230504,-7.1146090,-15.7915845
27,5.4100000,0.5766177,0.4053056,0.6266356,-0.3325165,-12.5135030,-2.4086022,-3.5166049,1.0003445,0.3788707,0.2615938,46.2416420,4.0805903,9.9124117,5.4100000,0.4970375,0.6648312,0.2150783,-0.5144847,-12.4553727,5.4087927,1.8782042,0.0731519,-1.0635202,0.0200916,45.4548686,-4.0162358,-6.3536435,5.4100000,0.6227932,0.1654608,0.5660986,0.5140853,-8.8439289,10.0650846,4.4094802,0.4628008,-0.2599698,-0.7830573,23.3305172,-42.0482733,0.7039680,5.4100000,0.5359890,0.5932778,0.0992890,-0.5923503,-10.0006426,9.4193022,5.7256284,1.1740944,-0.5740645,-0.3125370,42.9393783,-14.0626383,-20.5784202,5.4100000,0.5042729,0.3343941,0.3979089,-0.6896071,-15.1853851,-14.3685047,-0.0516031,2.7696731,0.3987832,-7.0866909,41.0315623,18.6686746,-25.7441824,5.4100000,0.2248251,-0.4905559,-0.0310295,0.8413357,-7.2966435,-0.6881264,6.3067158,1.3659534,-0.0949511,-0.5835685,36.5775739,7.3225033,-39.8651853,5.4100000,0.5103392,0.3098355,0.0598933,-0.7999804,-5.4122449,1.7219714,7.6960061,0.0922585,0.7981611,-0.1965969,16.8237794,1.2939848,-34.8169018,5.4100000,-0.0382532,0.6755072,0.3109013,-0.6675082,-6.9298083,-4.9861455,-0.2320994,1.1534633,0.5238028,-0.3228697,32.3594174,24.0903433,-13.3863843,5.4100000,0.1862937,0.8689308,0.0324541,-0.4573845,-10.8923474,2.1703650,-4.6735457,2.0089637,-0.3270593,0.5882854,39.0067877,-9.9368267,15.1169005,5.4100000,0.6421172,0.5742855,0.2264698,-0.4545252,-24.9500440,-1.5331180,6.2186341,-1.0287228,-6.0512914,5.3103156,40.0586178,-9.1554107,-18.0737705
28,5.4200000,0.5753054,0.4073921,0.6265578,-0.3323862,-11.2507823,-3.5473250,-4.2139467,0.3539799,0.3031532,0.1879171,46.2416420,4.0528579,9.9124117,5.4200000,0.4980879,0.6620369,0.2129995,-0.5179255,-13.3685849,5.2976128,2.2403972,-0.0655095,-0.9991052,-0.0755340,45.4481621,-3.9282340,-6.8486243,5.4200000,0.6245913,0.1647353,0.5677667,0.5102833,-9.4858906,9.0458931,3.6722359,0.4498780,-0.0471641,-0.8009251,23.7314454,-41.8510411,0.8961711,5.4200000,0.5350143,0.5934825,0.0950211,-0.5937249,-11.3213305,8.8729971,6.3514194,0.6707666,-0.5783110,0.2464596,42.7628309,-14.2126954,-20.7832545,5.4200000,0.4728872,0.3286260,0.4025195,-0.7115902,-15.8934342,-15.8071885,0.3022750,2.6386493,0.6931816,-7.3184279,39.6492673,21.3080410,-25.7175221,5.4200000,0.2308468,-0.4893694,-0.0274192,0.8405210,-8.0268903,-0.4970611,6.0650825,1.2586246,0.0800103,-0.7089314,36.5092755,7.2511973,-39.8693810,5.4200000,0.5089812,0.3132258,0.0615110,-0.7994024,-5.2131519,1.4663435,7.8750935,0.1410412,0.7621901,-0.1901940,16.9546970,1.2343345,-34.7192417,5.4200000,-0.0437493,0.6770055,0.3071939,-0.6673691,-7.5544784,-2.3558408,-0.2168474,1.2182579,0.5867351,-0.1345954,32.3688951,24.0119629,-13.4671754,5.4200000,0.1809914,0.8699351,0.0247759,-0.4580844,-8.7838216,4.1567264,-5.5847351,1.6780587,-0.2845384,0.8367797,39.0178362,-10.0183444,15.1330435,5.4200000,0.6628461,0.5624962,0.1948773,-0.4541540,-24.7321085,1.7985362,7.1218855,-1.2326415,-5.9093570,5.0746939,38.6541222,-10.9511432,-20.5646795
29,5.4300000,0.5775888,0.4067128,0.6263633,-0.3296132,-9.1863974,-3.3015575,-3.9979899,-0.5806854,-0.1294157,0.3939292,46.5650739,3.7119442,9.7725499,5.4300000,0.4987516,0.6593869,0.2115238,-0.5212615,-14.5308688,5.7805107,2.9827203,-0.0668858,-0.8937535,-0.1788464,45.4041662,-3.7769217,-7.2983976,5.4300000,0.6265624,0.1637043,0.5695339,0.5062130,-9.9854252,8.3120416,2.8402636,0.4417124,-0.0250965,-0.8873643,24.1086746,-41.6301070,1.0366832,5.4300000,0.5361586,0.5927887,0.0908133,-0.5940441,-11.6103493,9.1764666,5.5729139,0.2958868,-0.5935800,0.5867853,42.6100638,-14.5512689,-21.0027158,5.4300000,0.4407476,0.3226746,0.4077746,-0.7316710,-16.6020679,-16.4922028,2.7588732,2.4257636,0.9143345,-7.3029265,38.1847572,23.6701546,-25.9773540,5.4300000,0.2366465,-0.4891903,-0.0242738,0.8391079,-9.4313947,0.1007276,5.0183634,1.1089348,0.2852660,-0.7392249,36.5398107,7.2511973,-39.8693810,5.4300000,0.5077424,0.3167234,0.0629364,-0.7987008,-4.8377693,0.8805249,8.2432248,0.1783110,0.7641354,-0.1521683,17.2835006,1.2559758,-34.5693893,5.4300000,-0.0480754,0.6786075,0.3037810,-0.6670065,-8.8001973,-1.8385277,-0.6913785,1.0058240,0.5564633,-0.0139163,32.4472771,23.9734071,-13.4745637,5.4300000,0.1777690,0.8701769,0.0170142,-0.4592394,-5.6034361,5.1689250,-5.4006681,1.2983848,-0.4469082,1.0217743,38.8723094,-10.2136594,14.9946288,5.4300000,0.6838495,0.5479894,0.1661040,-0.4521802,-23.7861961,5.0220255,10.0823871,-1.8109567,-5.7007979,4.8480815,37.0809351,-12.6347980,-22.8218053
30,5.4400000,0.5827054,0.4042267,0.6254624,-0.3253491,-7.5224009,-3.2948086,-3.5900118,-1.1601617,-0.5637913,0.5839281,46.6233830,3.3669679,9.5072917,5.4400000,0.4991129,0.6571899,0.2099400,-0.5243215,-16.2866172,6.6108582,3.3746207,0.0177307,-0.8081542,-0.1494077,45.3010069,-3.6297676,-7.7452372,5.4400000,0.6291851,0.1627059,0.5711949,0.5013873,-10.3016406,8.1518913,3.2508156,0.4995196,-0.1404281,-1.0407374,24.4445053,-41.3198919,1.3265456,5.4400000,0.5379996,0.5914130,0.0868994,-0.5943363,-10.5256188,10.0452966,3.4828991,0.1047639,-0.6525490,0.6251942,42.3504525,-14.9659880,-21.2837733,5.4400000,0.4094853,0.3159625,0.4125686,-0.7498511,-16.8584232,-19.3731499,4.8707538,2.2142704,0.8139287,-7.0390940,36.5977936,25.8186588,-26.0261841,5.4400000,0.2417222,-0.4898197,-0.0213855,0.8373707,-10.6948462,1.1318725,4.2172677,0.9550887,0.4369746,-0.6543053,36.7015614,7.1871070,-39.6690971,5.4400000,0.5066657,0.3205521,0.0642034,-0.7977557,-4.7302663,1.2644770,8.0597963,0.2238197,0.8142628,-0.0876697,17.5806382,1.1746843,-34.4384724,5.4400000,-0.0520247,0.6800845,0.3012119,-0.6663707,-11.4074866,-2.6117496,-2.1232948,0.8267135,0.5459182,-0.0884202,32.4255893,23.8166447,-13.4816338,5.4400000,0.1750168,0.8703880,0.0092348,-0.4601180,-3.7216589,4.9556684,-5.3326186,1.2160451,-0.4038507,1.0779000,38.7585068,-10.4089890,14.9623509,5.4400000,0.7049957,0.5306981,0.1397009,-0.4492487,-22.8295962,9.2865084,13.6367201,-2.4495280,-5.5284714,4.6410459,35.4948926,-14.0395713,-25.1424555
31,5.4500000,0.5881525,0.4014347,0.6243530,-0.3211075,-7.3442008,-3.5825103,-2.7797723,-1.2062106,-0.6511991,0.5812672,46.5169815,3.0127981,9.2842478,5.4500000,0.4998233,0.6552908,0.2074233,-0.5270163,-16.8416812,7.2640702,2.4882472,0.0840189,-0.8367197,0.0588288,45.1966408,-3.5597276,-8.1962458,5.4500000,0.6317691,0.1615465,0.5734432,0.4959168,-11.2066965,7.6420653,4.4592791,0.6130624,-0.0670348,-1.1555038,24.9296863,-40.9496062,1.5666322,5.4500000,0.5402172,0.5887730,0.0838339,-0.5953852,-9.0041901,10.8967578,3.0778819,-0.1635193,-0.8076069,0.4662089,42.2286656,-15.0731742,-21.5487923,5.4500000,0.3783737,0.3075333,0.4164320,-0.7673598,-17.5542450,-24.4025993,6.1403236,2.1480453,0.5105746,-7.0444350,34.6690254,28.2479305,-26.5633087,5.4500000,0.2456908,-0.4907581,-0.0186916,0.8357291,-10.4990868,2.1947141,3.8601969,0.7995342,0.4652440,-0.4819919,36.8327939,7.0253509,-39.5641937,5.4500000,0.5057012,0.3244904,0.0652949,-0.7966862,-5.9322512,3.0836975,6.9552657,0.2530874,0.8208229,-0.0435057,17.7712054,1.1061226,-34.2289692,5.4500000,-0.0554439,0.6810013,0.2995183,-0.6659220,-10.1331093,-3.3137484,-2.4405286,0.6550056,0.4047926,-0.1686702,32.3398196,23.8166447,-13.5309397,5.4500000,0.1718274,0.8709554,0.0021554,-0.4603341,-3.2746628,3.8665484,-5.2041724,1.2388468,-0.2303941,0.9397821,38.7177435,-10.5635443,15.0761433,5.4500000,0.7262572,0.5112332,0.1147857,-0.4449892,-21.5472331,13.7962830,17.8787394,-2.9340498,-5.3781175,4.6203930,33.7351621,-15.2377283,-27.3885891
32,5.4600000,0.5909170,0.4008744,0.6247141,-0.3159889,-8.5794743,-2.5782476,-2.2227826,-0.9323307,0.0704689,0.6725979,46.4770488,2.6343686,9.5784661,5.4600000,0.5011475,0.6535469,0.2042718,-0.5291508,-16.3002643,6.9504803,0.7211340,0.0627190,-0.8358833,0.2691898,45.1374794,-3.7068817,-8.5483871,5.4600000,0.6334500,0.1609993,0.5767548,0.4900758,-12.7486366,7.5212143,3.7827714,0.8680429,0.0974114,-1.0772078,25.3306161,-40.7523740,1.9950913,5.4600000,0.5428730,0.5846123,0.0826579,-0.5972311,-7.9413354,10.6599353,4.5385723,-0.5910704,-0.8857545,0.1842495,42.0452674,-15.1064998,-22.0588113,5.4600000,0.3452520,0.2972261,0.4181112,-0.7859012,-19.0069275,-30.3842258,7.6296272,2.5507369,0.1612903,-7.4535356,32.2153358,30.2865677,-27.3567905,5.4600000,0.2484569,-0.4914780,-0.0162674,0.8345382,-9.0918716,3.1922207,4.0845135,0.6488353,0.3667440,-0.2861665,36.8663597,6.9582200,-39.6282816,5.4600000,0.5046611,0.3279332,0.0663853,-0.7958455,-7.1756336,4.4595206,6.2373924,0.2108648,0.7279239,-0.0853066,18.0187184,1.1705240,-34.0600430,5.4600000,-0.0578667,0.6813753,0.2988239,-0.6656451,-5.5610338,-5.5471684,-3.0742320,0.4024871,0.2383548,-0.2026817,32.3496170,23.8552005,-13.4549682,5.4600000,0.1682984,0.8715286,-0.0032415,-0.4605464,-3.9787101,2.5649645,-5.3616757,1.1432399,-0.1712390,0.6156757,38.6608467,-10.6204405,15.0761433,5.4600000,0.7475525,0.4893047,0.0912080,-0.4398037,-20.5472549,18.0021449,20.3419086,-3.4324488,-5.3101459,4.5656752,31.8578913,-16.1040654,-29.6470755
33,5.4700000,0.5888187,0.4041781,0.6278925,-0.3093277,-10.1523073,-1.9649452,-2.6800358,-0.4567036,1.3788828,0.8043787,46.2725444,2.1860394,10.4775466,5.4700000,0.5025874,0.6522499,0.2015477,-0.5304286,-15.9312046,6.0488843,-0.4811670,0.0120562,-0.6384864,0.3297191,45.0812765,-3.9584031,-8.8040772,5.4700000,0.6341903,0.1624085,0.5807803,0.4838598,-13.5545094,8.1505303,1.5940928,1.2591666,0.0927572,-0.8298135,25.6925224,-40.5467627,2.4975102,5.4700000,0.5454664,0.5795913,0.0828531,-0.5997297,-7.6361763,8.8733236,5.9339759,-0.8301592,-0.9149578,-0.0686205,41.9261794,-14.9353124,-22.6048275,5.4700000,0.3089933,0.2840893,0.4174122,-0.8059674,-21.4853930,-34.7422458,9.7051223,3.0431805,-0.2756253,-8.1479004,29.4439678,32.4108195,-28.4189506,5.4700000,0.2501543,-0.4918779,-0.0143025,0.8338312,-7.4431639,3.3356877,4.4244075,0.4846140,0.2394715,-0.1299536,36.9304417,6.8941358,-39.5336847,5.4700000,0.5033000,0.3305722,0.0677491,-0.7955006,-7.1218721,4.3779118,6.4561929,0.1146221,0.5989148,-0.2164281,18.2994885,1.1488827,-34.0220337,5.4700000,-0.0598799,0.6822879,0.2986743,-0.6645986,-3.9180003,-6.2937244,-4.5352238,0.2219109,0.3841356,-0.1991502,32.3737144,23.9950945,-13.4286194,5.4700000,0.1643102,0.8720876,-0.0065706,-0.4608928,-5.5278659,1.7940928,-6.2212745,1.0321753,-0.1266205,0.2085590,38.6659412,-10.4981688,15.1169005,5.4700000,0.7690048,0.4641139,0.0689616,-0.4341361,-19.8589388,21.2421409,21.7608053,-4.0579264,-5.3557763,4.4622560,29.7938718,-16.8008306,-32.0159684
34,5.4800000,0.5831502,0.4094689,0.6335669,-0.3014365,-12.1345080,-1.9795612,-3.9543268,-0.2430742,2.3435336,0.7760799,45.9830218,1.7711197,11.6008261,5.4800000,0.5033860,0.6517595,0.1998994,-0.5308976,-16.0553963,5.4615435,-0.3823542,0.0299984,-0.3134416,0.2351768,45.0209045,-4.0766075,-8.9114046,5.4800000,0.6342504,0.1654837,0.5846295,0.4780689,-13.0633288,9.7660157,0.3635682,1.4262418,0.0018435,-0.5109178,25.8808945,-40.3648534,3.0083059,5.4800000,0.5480298,0.5739322,0.0829228,-0.6028175,-7.7966548,6.3070954,7.0603285,-0.8324001,-1.0994857,-0.1485516,41.7308623,-14.8257447,-23.2914204,5.4800000,0.2698531,0.2676236,0.4150502,-0.8266137,-25.1228352,-34.4859161,12.0731220,3.3176670,-0.7071139,-8.8325148,26.5633087,34.0464478,-29.5785389,5.4800000,0.2509887,-0.4922191,-0.0129597,0.8334009,-6.3162302,2.4739646,4.7890961,0.2996584,0.1688697,-0.0335503,36.9560057,6.7964765,-39.4024516,5.4800000,0.5014360,0.3325328,0.0694371,-0.7957150,-6.9202109,3.8502200,6.4117285,0.0367507,0.4929195,-0.3851318,18.5877150,1.1705240,-33.9101882,5.4800000,-0.0623316,0.6842426,0.2976770,-0.6628086,-6.0296796,-6.5632545,-4.6657866,0.3375087,0.6604680,-0.0884155,32.5487958,23.9096435,-13.2503309,5.4800000,0.1597670,0.8727175,-0.0087022,-0.4612623,-6.9460245,1.1520541,-7.0982413,1.0208800,-0.0855354,-0.0522192,38.6730537,-10.3274632,15.2145653,5.4800000,0.7909061,0.4351175,0.0476111,-0.4276371,-19.7651654,22.0556897,23.4307952,-4.7710162,-5.4799487,4.4938994,27.4742631,-16.9229154,-34.5553290
35,5.4900000,0.5782582,0.4125277,0.6399031,-0.2931933,-13.0067806,-0.4756785,-4.0555483,-0.6516008,2.2165931,0.5267920,45.7599687,1.4591473,12.4161694,5.4900000,0.5030909,0.6519845,0.1993013,-0.5311259,-16.3023828,5.3968809,0.3134678,0.1234298,-0.0566903,0.0349674,45.0648987,-4.0162358,-8.8674092,5.4900000,0.6335949,0.1687892,0.5876877,0.4740156,-12.2942628,12.1337437,-0.1864803,1.2007960,0.0201292,-0.1692580,25.9376171,-40.2722244,3.4609257,5.4900000,0.5507689,0.5676568,0.0818922,-0.6063935,-8.2346322,3.5229039,8.2358221,-0.7990013,-1.3400544,-0.0571609,41.5328635,-14.6518627,-23.9446633,5.4900000,0.2259690,0.2505258,0.4094811,-0.8476439,-28.1748598,-30.6035292,14.1364601,3.4543829,-1.1792870,-8.9884588,22.9496063,35.6579500,-31.1778627,5.4900000,0.2511475,-0.4928172,-0.0122380,0.8330104,-6.2585888,1.4824224,5.0359377,0.1168593,0.1748429,0.0205625,37.0158999,6.6988110,-39.3688774,5.4900000,0.4991770,0.3337814,0.0712319,-0.7964536,-6.8985695,2.6230926,6.3769473,-0.0193877,0.3612608,-0.5161799,18.6420914,1.3203772,-33.8389206,5.4900000,-0.0650624,0.6865668,0.2956089,-0.6610660,-7.7494559,-7.0931555,-3.6964796,0.5158073,0.7329641,0.0436652,32.7852504,23.8193798,-13.1325933,5.4900000,0.1553982,0.8734126,-0.0110490,-0.4613890,-8.2020666,0.9515232,-7.7091272,1.0127718,-0.0437320,0.0091683,38.6322945,-10.2867043,15.3122203,5.4900000,0.8129976,0.4021140,0.0264721,-0.4202838,-21.1142276,22.5653030,24.3538084,-5.4445064,-5.7200677,4.5886574,25.0812816,-16.9745155,-37.1085331
36,5.5000000,0.5770586,0.4114078,0.6440534,-0.2879968,-13.3904859,0.4926920,-2.2960819,-0.9214492,0.9947514,0.0363678,45.7045174,1.3095028,12.6015062,5.5000000,0.5017099,0.6524813,0.1994150,-0.5317791,-16.4520768,5.2789755,0.7563158,0.2337081,0.0316690,-0.2050961,45.0745667,-4.0162358,-8.8577409,5.5000000,0.6323493,0.1718555,0.5898034,0.4719449,-11.4926353,13.6320929,-0.4794116,0.8686181,0.0589561,0.1413186,25.8552799,-40.2894626,3.6255987,5.5000000,0.5538374,0.5610826,0.0798098,-0.6099843,-8.6437325,1.6250861,8.6336129,-0.7411392,-1.4994958,0.0950636,41.2851460,-14.5783192,-24.7503522,5.5000000,0.1871662,0.2285614,0.4039658,-0.8657598,-29.9081383,-26.2947464,17.0049133,3.3828242,-1.6972868,-8.9329205,19.8248234,36.9029808,-32.7280464,5.5000000,0.2508640,-0.4937620,-0.0120681,0.8325387,-6.9612579,0.7152884,5.0584434,-0.0362815,0.2117931,0.0366508,37.1135569,6.6652422,-39.3047895,5.5000000,0.4968589,0.3343575,0.0728848,-0.7975112,-5.9583504,1.4610699,7.6656343,-0.0569002,0.2199013,-0.5558526,18.6040821,1.3916440,-33.7792722,5.5000000,-0.0683316,0.6885621,0.2928071,-0.6599068,-8.2497242,-6.6778965,-2.8721017,0.7254770,0.6507381,0.0613730,32.5102473,23.7311916,-13.1766077,5.5000000,0.1516837,0.8742966,-0.0146395,-0.4608505,-8.9003544,1.9909933,-7.8626263,1.0205529,0.0526777,0.3071539,38.6161513,-10.2298040,15.4098778,5.5000000,0.8345012,0.3653156,0.0050373,-0.4124643,-22.3727301,23.2651140,25.0098541,-5.9888333,-6.0504850,4.6182047,22.1648637,-16.4987684,-39.7573421
37,5.5100000,0.5789240,0.4077749,0.6444695,-0.2884887,-13.6587386,0.3113413,-0.1706485,-0.5158576,-0.4438538,-0.4601582,45.7045174,1.4216449,12.2571129,5.5100000,0.4994378,0.6529233,0.1998810,-0.5331984,-16.4944972,5.6189762,0.5111362,0.3375881,-0.0032947,-0.4249017,45.0703997,-3.8842493,-8.9114046,5.5100000,0.6311308,0.1742597,0.5904866,0.4718401,-10.5773341,13.8776487,0.1721036,0.4167472,0.0048541,0.3585241,25.8093116,-40.3974138,3.6083606,5.5100000,0.5570484,0.5544666,0.0768726,-0.6134774,-8.8869830,0.7547776,8.6243774,-0.6594654,-1.5904198,0.2182397,40.9775719,-14.6333988,-25.5131683,5.5100000,0.1483407,0.2037196,0.3975858,-0.8822805,-30.8604032,-24.3781157,18.9948950,3.3005820,-2.1470075,-9.0760638,15.4053423,37.7087007,-34.4738530,5.5100000,0.2503946,-0.4949241,-0.0123174,0.8319861,-8.1927154,0.1876820,5.1377932,-0.1355558,0.2344920,0.0226644,37.1471291,6.7293325,-39.1991153,5.5100000,0.4946911,0.3349742,0.0745524,-0.7984453,-4.9435442,1.5874165,8.6962856,-0.0659885,0.2333574,-0.5215108,18.6637329,1.5109445,-33.6816136,5.5100000,-0.0725075,0.6900313,0.2895470,-0.6593649,-11.2023284,-5.2706246,-2.5662819,0.9541275,0.5557285,-0.0175954,32.6646016,23.7119139,-13.2154811,5.5100000,0.1484985,0.8752677,-0.0193981,-0.4598677,-8.8989942,3.9424932,-7.8166721,1.0395682,0.1044842,0.5735163,38.5966316,-10.2298040,15.5482978,5.5100000,0.8541396,0.3257101,-0.0172644,-0.4050436,-22.6938843,22.5062617,26.8602000,-6.2655821,-6.4159076,4.5117076,19.0648371,-15.6460238,-42.3689900
38,5.5200000,0.5821647,0.4025655,0.6425565,-0.2935072,-13.2490679,-0.7435114,1.2367735,-0.0926081,-1.3509659,-0.9182081,46.1853138,1.8180229,11.5012894,5.5200000,0.4964750,0.6532047,0.2007372,-0.5352951,-16.0695326,6.7116000,0.0120853,0.3972453,-0.0423505,-0.6235772,45.0922750,-3.5417766,-8.8179141,5.5200000,0.6305924,0.1757263,0.5895485,0.4731872,-10.0143626,13.3196616,0.2364867,-0.0491853,-0.1416740,0.4231299,25.5910318,-40.5103935,3.4544411,5.5200000,0.5601277,0.5482521,0.0732512,-0.6166935,-9.4464193,0.7157486,8.9670656,-0.5173310,-1.5869058,0.3129379,40.8608739,-14.7953730,-26.1449583,5.5200000,0.1092374,0.1768024,0.3898839,-0.8971057,-31.7392483,-23.6823616,20.7403774,3.3539841,-2.4503312,-9.1967525,11.4017143,38.0382690,-35.9508018,5.5200000,0.2500265,-0.4961678,-0.0127455,0.8313494,-9.8411629,-0.2277645,5.5086153,-0.1595544,0.2476774,-0.0158910,37.2112234,6.6907958,-39.0972559,5.5200000,0.4926814,0.3361482,0.0765777,-0.7990027,-5.2597305,2.1585277,8.0647526,-0.0834249,0.3802068,-0.4757535,18.7688490,1.7062630,-33.5243027,5.5200000,-0.0765674,0.6910955,0.2858944,-0.6593853,-13.3387364,-2.7498104,-2.4274983,1.0282967,0.4237528,0.0365608,32.6523946,23.6142554,-13.3107306,5.5200000,0.1458031,0.8759219,-0.0242602,-0.4592534,-8.3054790,5.5324368,-7.1170443,0.9523970,0.0096682,0.6270465,38.4899445,-10.2298040,15.6620989,5.5200000,0.8711867,0.2850623,-0.0411955,-0.3975880,-22.6145789,21.3901818,28.3030248,-6.1311344,-6.8000776,4.4078667,15.7694831,-14.4615993,-44.7124608
39,5.5300000,0.5864208,0.3961864,0.6400189,-0.2992036,-12.2577638,-2.1947387,2.0957393,-0.1866301,-1.6774499,-1.0376070,46.1836260,2.2940776,10.7045525,5.5300000,0.4932541,0.6533301,0.2024128,-0.5374841,-15.9620279,7.2553664,0.1144017,0.3315323,0.0205229,-0.7736514,45.0893145,-3.2764182,-8.6598830,5.5300000,0.6310730,0.1767869,0.5875873,0.4745887,-9.8143139,12.0908213,0.1838264,-0.2409188,-0.3484303,0.3223020,25.7626510,-40.6769832,3.0944497,5.5300000,0.5626123,0.5431506,0.0686808,-0.6194657,-10.1940144,1.4055618,9.4886632,-0.2178649,-1.4980737,0.4096652,40.3243911,-14.8650158,-26.7859845,5.5300000,0.0700458,0.1487343,0.3797838,-0.9103494,-32.4228630,-22.3517551,21.5948963,3.6231575,-2.6693015,-9.1615038,7.1779532,38.2702103,-37.7086678,5.5300000,0.2500602,-0.4973913,-0.0132486,0.8306000,-11.2106505,-0.5745268,5.5322317,-0.1314469,0.2527839,-0.0958378,37.1806948,6.6530347,-38.9995959,5.5300000,0.4907646,0.3375298,0.0788990,-0.7993739,-6.4749239,2.6793542,6.4528528,-0.1192049,0.4534258,-0.4597193,18.9234536,1.7822809,-33.3886334,5.5300000,-0.0791609,0.6917812,0.2827941,-0.6596968,-9.5962324,-1.3410664,-2.1109104,0.7751887,0.2413445,0.1363842,32.6450066,23.5382828,-13.3624479,5.5300000,0.1436258,0.8761142,-0.0284525,-0.4593321,-7.5418605,5.4457289,-5.0763021,0.7832190,-0.1321404,0.5394294,38.4491868,-10.2705613,15.6620989,5.5300000,0.8855102,0.2447076,-0.0673086,-0.3891780,-21.3469825,21.3670278,28.3048968,-5.7338976,-7.1385154,4.4677350,12.1920360,-13.1811682,-46.9096215
40,5.5400000,0.5913407,0.3890013,0.6383684,-0.3024566,-12.1311507,-3.2102638,2.5082509,-0.6995053,-1.5130313,-0.8848174,46.2384829,2.5691352,10.1452459,5.5400000,0.4902165,0.6536099,0.2046760,-0.5390636,-16.6745922,6.8388620,0.3918454,0.2350294,0.1672452,-0.7643543,45.1924738,-3.0852686,-8.5622239,5.5400000,0.6322043,0.1778353,0.5855511,0.4752076,-10.9237570,11.7885210,0.0148149,-0.1818900,-0.4590956,0.1635700,25.8380418,-40.7025978,2.9125388,5.5400000,0.5639826,0.5397173,0.0626529,-0.6218549,-10.9914119,2.1943479,9.9928031,0.2655448,-1.3983107,0.4958283,39.7047323,-15.2011897,-27.1674234,5.5400000,0.0314924,0.1197407,0.3664722,-0.9221543,-31.8489432,-19.9588006,20.4597143,4.0664664,-2.8882939,-9.0001924,3.1490573,37.8062021,-39.4911359,5.5400000,0.2506531,-0.4986299,-0.0138938,0.8296675,-12.2021078,-0.7637318,5.3285217,-0.1006716,0.2678726,-0.2119669,37.2192348,6.8533278,-38.8939243,5.5400000,0.4887683,0.3383348,0.0810667,-0.8000395,-7.7974152,3.1019306,4.7803702,-0.1411109,0.3273348,-0.5004063,19.0543701,1.9015814,-33.3506241,5.5400000,-0.0807050,0.6924082,0.2815935,-0.6593653,-3.8501370,-3.3567819,-1.4241718,0.3439225,0.2331657,-0.0015162,32.6572127,23.5673488,-13.2553261,5.5400000,0.1416091,0.8762494,-0.0319779,-0.4594684,-7.7739917,3.4541971,-2.7423874,0.6917758,-0.1273784,0.4360836,38.3922844,-10.3274632,15.7028700,5.5400000,0.8975316,0.2041772,-0.0944988,-0.3792343,-20.3942262,21.4808732,27.9373763,-5.5409419,-7.3116115,4.6006245,8.3852962,-11.7289769,-48.6559956
41,5.5500000,0.5945558,0.3823303,0.6387489,-0.3038533,-13.6760127,-4.2030175,1.8274397,-0.8657927,-0.8796799,-0.8608637,46.2992154,2.8256512,9.8702034,5.5500000,0.4874703,0.6547080,0.2062773,-0.5396108,-17.3181366,6.4699240,0.0759606,0.3063373,0.3135126,-0.5117095,45.3408358,-2.9615648,-8.3325780,5.5500000,0.6333096,0.1796472,0.5840883,0.4748543,-11.9862391,11.5936407,-0.6573076,0.0851510,-0.4922486,0.1116790,25.7147674,-40.7849350,2.8199100,5.5500000,0.5638848,0.5380898,0.0549028,-0.6240825,-12.1749374,2.6504958,9.7834952,0.8418244,-1.3338821,0.5385810,39.3781095,-15.6254703,-27.4940447,5.5500000,-0.0059242,0.0898442,0.3507484,-0.9321312,-30.1276789,-16.9193163,21.5217181,4.3441841,-3.1093926,-8.7876147,-1.3798077,36.5488202,-41.3344278,5.5500000,0.2518287,-0.5000888,-0.0147430,0.8284178,-13.0413092,-0.5974048,5.5257510,-0.0883559,0.3274528,-0.3443086,37.3290947,7.0863945,-38.6558912,5.5500000,0.4865215,0.3376570,0.0824092,-0.8015568,-8.5097890,2.3701197,4.0732582,-0.1250450,-0.0437370,-0.5898758,18.9209018,2.0968880,-33.4699137,5.5500000,-0.0822448,0.6935726,0.2817282,-0.6578922,0.3917650,-7.4364464,-0.5072390,0.0942364,0.4403188,-0.1740548,32.6718286,23.6457405,-13.0600038,5.5500000,0.1395570,0.8764380,-0.0348676,-0.4595265,-8.8380429,-0.1413324,-2.0206671,0.6415330,-0.0910284,0.3233412,38.4279680,-10.3274632,15.7189756,5.5500000,0.9075506,0.1614947,-0.1208992,-0.3683134,-21.0125734,20.1552292,27.1434634,-5.8833762,-7.3428364,4.6153694,4.7118526,-9.5940082,-50.1056402
42,5.5600000,0.5946605,0.3782108,0.6411027,-0.3038467,-15.6831483,-3.6041345,0.0223493,-0.6236496,0.0146854,-0.7080647,46.2414881,3.0452294,10.0857459,5.5600000,0.4851290,0.6572674,0.2061972,-0.5386391,-17.6961454,6.7393962,-0.4359630,0.5146368,0.4894350,-0.0394552,45.4096655,-3.0592240,-7.9804370,5.5600000,0.6337337,0.1828919,0.5832529,0.4740762,-12.1039981,10.7164391,-1.3864290,0.4009775,-0.4853147,0.2671925,25.5194492,-40.8155801,2.8026720,5.5600000,0.5623781,0.5378314,0.0455712,-0.6264116,-12.7990227,2.4328561,9.5378458,1.3457306,-1.3367998,0.5366012,38.9752660,-16.1474098,-27.8299004,5.5600000,-0.0414577,0.0596918,0.3326927,-0.9402307,-28.2113094,-15.4789877,22.1808510,4.6133304,-3.2525101,-8.4148684,-5.0904870,35.0962830,-42.9456444,5.5600000,0.2535509,-0.5019227,-0.0157730,0.8267628,-13.8310005,0.4810711,5.7363368,-0.0837160,0.4226210,-0.4722568,37.3668633,7.3458095,-38.4868887,5.5600000,0.4840217,0.3350247,0.0822833,-0.8041833,-7.7779679,1.0211318,5.2017091,-0.0449601,-0.5706690,-0.6706550,18.6997721,2.2251085,-33.6577802,5.5600000,-0.0837805,0.6956395,0.2813505,-0.6556740,2.8774074,-12.1866994,-0.8185466,0.1042298,0.6706029,-0.0638462,32.7347965,23.6288738,-12.8502160,5.5600000,0.1370351,0.8763857,-0.0369164,-0.4602246,-9.6393215,-3.7635282,-2.7131971,0.6353653,-0.2051776,0.1166685,38.4420464,-10.2458901,15.6620989,5.5600000,0.9153349,0.1158279,-0.1454496,-0.3571978,-22.1610407,18.4446059,25.7499324,-6.4842913,-7.2846162,4.4803559,0.7093369,-7.1910761,-51.1433283
43,5.5700000,0.5930344,0.3758754,0.6450927,-0.3014684,-17.5154770,-1.8136703,-1.9373202,-0.6839925,0.7190089,-0.4262764,46.0861165,3.1006804,10.4728888,5.5700000,0.4834845,0.6613512,0.2046994,-0.5356823,-18.1886269,6.6170878,-0.4948705,0.6418042,0.7482891,0.4774483,45.4452097,-3.3383873,-7.5487387,5.5700000,0.6334795,0.1869238,0.5824594,0.4738188,-11.9850251,11.3093592,-2.8015155,0.4691050,-0.4567489,0.4876854,25.3394553,-40.9802513,2.6947222,5.5700000,0.5596266,0.5386818,0.0349367,-0.6288238,-12.0067439,1.5211768,10.2321721,1.7694216,-1.3433395,0.5207354,38.5697431,-16.7696877,-27.9302399,5.5700000,-0.0740303,0.0301793,0.3107642,-0.9471190,-26.4654516,-14.8929210,20.9964861,5.2201372,-3.2824215,-7.7792311,-8.9239364,33.0573559,-44.6548689,5.5700000,0.2558476,-0.5039803,-0.0169662,0.8247776,-14.9407817,1.7739481,6.1746877,-0.0654228,0.4862764,-0.5996713,37.5030608,7.5827152,-38.2530277,5.5700000,0.4815724,0.3309708,0.0806314,-0.8074930,-6.5333485,0.5947300,7.0831116,0.0722401,-0.9942226,-0.6514151,18.4570030,2.3180199,-33.7887043,5.5700000,-0.0849609,0.6988790,0.2793403,-0.6529309,1.0570517,-13.0458096,-1.0710108,0.2196536,0.9047579,0.2670302,32.9328341,23.4880394,-12.6153964,5.5700000,0.1329903,0.8763012,-0.0375424,-0.4615196,-10.4374141,-4.5239702,-4.1717217,0.7660526,-0.2850376,-0.2889464,38.4789582,-9.9689920,15.6620989,5.5700000,0.9203838,0.0678500,-0.1678181,-0.3465935,-23.0779320,16.5589274,24.1102957,-7.0162991,-7.1476921,4.1946253,-3.2201875,-4.0394568,-51.7033589
44,5.5800000,0.5915570,0.3726967,0.6503137,-0.2970683,-18.8309125,-0.5896831,-3.0636578,-1.1302200,0.9469631,-0.3789750,45.9642010,3.1006804,10.9334038,5.5800000,0.4826308,0.6663988,0.2025540,-0.5309916,-18.2205713,4.8846749,-0.0625382,0.6287418,0.9858819,0.8549770,45.5458221,-3.8883692,-6.9573046,5.5800000,0.6330301,0.1913405,0.5814553,0.4738898,-11.3335682,13.0319008,-4.4029661,0.4664610,-0.4839940,0.6007759,25.2092652,-40.9955644,2.6123843,5.5800000,0.5558800,0.5404263,0.0235326,-0.6311759,-10.5880226,0.4421629,11.3418324,2.0744953,-1.3053309,0.4905158,38.1573801,-17.4750233,-27.9918778,5.5800000,-0.1022775,0.0014672,0.2832752,-0.9535682,-24.4755627,-13.7819675,18.5305817,6.2081826,-3.3144687,-6.8830331,-12.1710961,30.1396999,-46.5226129,5.5800000,0.2588358,-0.5059837,-0.0185282,0.8225820,-16.3586608,2.5376055,6.4245265,-0.0545090,0.4820355,-0.7618536,37.5823973,7.8463039,-38.0760376,5.5800000,0.4795813,0.3263419,0.0779610,-0.8108174,-5.9050872,0.9228748,8.2031698,0.1502965,-1.1932643,-0.5189947,17.8854375,2.4156791,-33.9982075,5.5800000,-0.0856984,0.7031508,0.2752322,-0.6499861,-6.5338712,-11.7355874,0.2642756,0.4028127,1.0786784,0.6723239,33.1389845,23.1411061,-12.4720063,5.5800000,0.1268232,0.8767233,-0.0357096,-0.4625981,-11.5941541,-1.8641617,-5.6508740,0.9261966,-0.1509242,-0.9137086,38.6405947,-9.5783614,15.7436719,5.5800000,0.9221167,0.0185398,-0.1881379,-0.3375814,-23.4175799,13.3903534,21.2725556,-7.4184043,-7.0020741,3.6648008,-6.7594219,-0.7112048,-51.7641254
45,5.5900000,0.5908916,0.3680166,0.6557984,-0.2921290,-19.6602935,-0.1023786,-3.0687776,-1.4541354,0.8235195,-0.4820856,45.8752828,3.1006804,11.4129467,5.5900000,0.4821057,0.6720509,0.1997312,-0.5253848,-17.6870234,2.4363145,0.4909134,0.6780731,1.0934741,1.0930613,45.5458221,-4.5371597,-6.3152218,5.5900000,0.6323966,0.1963191,0.5803768,0.4740211,-10.1676539,14.4760275,-5.4820615,0.5308729,-0.5231395,0.6939919,24.8887668,-41.1257647,2.5798442,5.5900000,0.5517367,0.5425405,0.0122255,-0.6333143,-9.8183082,0.2994299,12.2082810,2.1469850,-1.2249699,0.4543548,37.7518777,-18.1922348,-27.9061241,5.5900000,-0.1248914,-0.0265131,0.2499936,-0.9597929,-21.6681404,-11.8778038,15.9672832,7.2837000,-3.3753471,-5.7701344,-15.3202915,26.3435764,-48.5000114,5.5900000,0.2624181,-0.5077067,-0.0208638,0.8203264,-17.6559750,2.6341002,6.7981118,-0.1073997,0.4041050,-0.9420446,37.5304994,8.2755814,-38.0382690,5.5900000,0.4782543,0.3216444,0.0748753,-0.8137637,-5.1152439,1.1359477,9.0189517,0.1613540,-1.2297386,-0.3478543,17.4119169,2.3940378,-34.2267844,5.5900000,-0.0847679,0.7078320,0.2696226,-0.6473731,-14.6364328,-9.9568399,0.9018206,0.3746239,1.0191708,1.1285088,33.6986389,22.8340164,-12.1568449,5.5900000,0.1186009,0.8778093,-0.0309691,-0.4630611,-13.4522299,1.7573315,-6.0749756,1.0388818,0.0774056,-1.6027629,38.7943400,-8.8665115,15.8982052,5.5900000,0.9200443,-0.0307860,-0.2070610,-0.3312046,-23.1095575,8.7909294,16.9373357,-7.6038155,-6.8989759,2.9088724,-10.4720570,3.1382232,-51.2494996
46,5.6000000,0.5908703,0.3630039,0.6602071,-0.2884910,-21.3123109,-0.0034672,-2.6115199,-1.3072121,0.4966652,-0.5628693,46.2617939,3.2317828,11.5482035,5.6000000,0.4813810,0.6782517,0.1957070,-0.5195631,-16.4896523,0.6477151,0.6994549,0.8753882,1.0721743,1.2762358,45.5843102,-5.2824656,-5.6633855,5.6000000,0.6314958,0.2015953,0.5787970,0.4749383,-8.7241135,14.9792065,-5.8300798,0.4420628,-0.5553070,0.8721829,24.5031488,-41.4290373,2.3570053,5.6000000,0.5477986,0.5447125,0.0017242,-0.6349819,-10.1756029,1.5762199,12.2211058,2.0277382,-1.0786749,0.4450529,37.3609106,-18.9455852,-27.8846877,5.6000000,-0.1418817,-0.0533714,0.2129762,-0.9652265,-18.8968773,-9.9488848,14.6000108,7.9630447,-3.3518262,-4.6741250,-17.6643123,22.3513767,-50.2335805,5.6000000,0.2661457,-0.5091017,-0.0241033,0.8181693,-19.1009414,2.2753697,7.2711882,-0.2233230,0.2934670,-1.0538545,37.4450359,8.7681386,-37.9020067,5.6000000,0.4775702,0.3173379,0.0721398,-0.8161000,-4.2775475,1.1671596,9.8301188,0.0920120,-1.1031621,-0.2019795,17.0145515,2.4156791,-34.3549978,5.6000000,-0.0810649,0.7124978,0.2636476,-0.6451863,-16.5713159,-7.7173225,1.5884835,0.0526266,0.8135759,1.5455611,34.1063316,22.3339708,-11.8619325,5.6000000,0.1089423,0.8796841,-0.0240826,-0.4622851,-17.3304503,4.9036651,-6.1316127,1.1188327,0.4098953,-2.0879522,38.9039207,-7.7425603,16.1182060,5.6000000,0.9141298,-0.0787310,-0.2246595,-0.3281711,-22.3846423,1.7999761,10.6111631,-7.6078988,-6.7020349,1.9717393,-13.6431307,6.7403030,-50.1974892
47,5.6100000,0.5921306,0.3581131,0.6627786,-0.2861134,-22.9017718,0.7691641,-1.8890224,-1.1133604,0.0258321,-0.4885323,46.1537996,3.2837915,11.4083556,5.6100000,0.4804653,0.6846524,0.1906137,-0.5138780,-14.3487771,-0.8888454,0.5547337,1.0368793,0.9789677,1.3960948,45.5817910,-6.0826562,-5.1147067,5.6100000,0.6306556,0.2066708,0.5761387,0.4771006,-6.5947908,14.7451762,-6.3025943,0.1674446,-0.6286298,1.0441427,24.2082581,-41.7067012,2.0824462,5.6100000,0.5444637,0.5465979,-0.0075958,-0.6361858,-11.1977475,3.5642382,11.4332954,1.7814137,-0.9368447,0.4430992,37.0530470,-19.5961473,-27.8084641,5.6100000,-0.1544325,-0.0781261,0.1754130,-0.9691631,-17.0660029,-8.4595739,14.1606298,7.9918356,-3.1349772,-3.7758330,-19.6662935,18.5670436,-51.4054655,5.6100000,0.2693515,-0.5104224,-0.0281284,0.8161664,-22.1825882,2.0237116,6.7167477,-0.4003249,0.2212559,-1.0406221,37.3595829,9.2644503,-37.6944821,5.6100000,0.4772954,0.3140457,0.0703828,-0.8176862,-3.9416730,1.2464736,10.3212568,-0.0080996,-0.8022926,-0.1099218,16.6550580,2.4536881,-34.5075553,5.6100000,-0.0751671,0.7169066,0.2591693,-0.6428267,-15.5883596,-8.5251659,2.8264131,-0.4582542,0.6650202,1.5991382,34.5311814,21.7231065,-11.4102583,5.6100000,0.0991292,0.8823746,-0.0165723,-0.4596887,-22.0685239,7.2786890,-7.1583400,1.1150838,0.8183377,-2.1761825,38.8428814,-6.6325757,16.5496457,5.6100000,0.9047778,-0.1234409,-0.2396255,-0.3297259,-21.5083855,-7.4499537,4.5823124,-7.4586111,-6.0874485,0.7868265,-16.4518486,10.1574699,-48.9161721
48,5.6200000,0.5951371,0.3528082,0.6619093,-0.2884688,-23.5486425,-0.0881189,-0.9260782,-0.4630985,-0.9758126,-0.7577135,46.1075039,3.4935425,10.7323715,5.6200000,0.4795912,0.6908111,0.1851716,-0.5084129,-11.9391729,-2.8414734,0.4327573,1.0520512,0.8888853,1.4178475,45.4719239,-6.8816356,-4.5769268,5.6200000,0.6302849,0.2112221,0.5724994,0.4799693,-4.1123188,13.4990906,-6.4957817,-0.0947225,-0.7244954,1.0694517,23.9356112,-41.9192527,1.8787767,5.6200000,0.5418155,0.5478188,-0.0157263,-0.6372466,-12.3738265,5.5850152,9.7331949,1.4817592,-0.8747612,0.4176463,36.7383330,-20.3038840,-27.8084641,5.6200000,-0.1638029,-0.0999835,0.1397216,-0.9714164,-17.5908680,-6.8971829,14.5756397,7.5293741,-2.7686391,-3.0805383,-21.3385410,14.3925285,-52.2965164,5.6200000,0.2708130,-0.5117758,-0.0326921,0.8146638,-25.3630123,1.7772149,6.4760958,-0.6652937,0.1366870,-0.7837276,37.3382535,9.7569380,-37.4869562,5.6200000,0.4770995,0.3123958,0.0699035,-0.8184732,-3.4915225,1.2194220,10.8745452,-0.0765943,-0.3626097,-0.0774437,16.5410309,2.4536881,-34.6432232,5.6200000,-0.0678126,0.7213714,0.2563782,-0.6397617,-15.6004658,-11.8616410,4.3336025,-0.9214799,0.6724395,1.5367708,34.9630949,21.2592244,-10.9971210,5.6200000,0.0905411,0.8848447,-0.0093386,-0.4569080,-23.8563764,9.2530189,-7.8413436,0.9207110,0.8290676,-2.0102711,38.8583253,-5.6716671,16.8340092,5.6200000,0.8926219,-0.1626160,-0.2514109,-0.3370086,-23.0643276,-15.9826729,0.3718192,-7.0140977,-5.1358263,-0.6268317,-19.1393944,13.2607727,-47.3282540
49,5.6300000,0.6002354,0.3470609,0.6566566,-0.2967632,-23.4184966,-2.6644505,-0.1802970,0.3758703,-2.2191439,-1.0932194,46.3415415,3.9176351,9.5946635,5.6300000,0.4788605,0.6965531,0.1798936,-0.5031349,-10.0748093,-4.6479737,0.5274380,0.9823926,0.8311079,1.3763931,45.4500273,-7.6873242,-3.9787640,5.6300000,0.6304185,0.2149989,0.5685251,0.4828324,-2.1056263,11.4258410,-6.1673434,-0.2451314,-0.7501315,0.9459354,23.7441022,-42.1918999,1.2013411,5.6300000,0.5399082,0.5482484,-0.0225504,-0.6382901,-13.4195008,7.1532271,7.8848107,1.1493062,-0.8312027,0.3726800,36.4572646,-20.6826120,-27.7870281,5.6300000,-0.1709469,-0.1195720,0.1067775,-0.9721514,-19.6539192,-5.2735982,12.9764700,6.9226661,-2.5101473,-2.5795770,-23.0475769,10.3152561,-52.5772858,5.6300000,0.2692983,-0.5132566,-0.0371289,0.8140440,-25.0247314,1.7205113,6.3026827,-0.9503665,0.0544792,-0.2371615,37.3504613,10.2532822,-37.3435454,5.6300000,0.4769184,0.3129217,0.0708652,-0.8182952,-2.6608282,0.6276022,11.8313370,-0.1170109,0.1903606,-0.0456479,16.7796328,2.5133383,-34.5022825,5.6300000,-0.0596717,0.7260926,0.2528612,-0.6366239,-15.2130830,-13.1338381,7.3062610,-0.9492777,0.6852059,1.7542625,35.4828542,20.7206960,-10.7239128,5.6300000,0.0839841,0.8856162,-0.0013363,-0.4567590,-22.0771997,10.1735751,-5.4960828,0.4555145,0.2256901,-2.0051168,38.9396058,-4.8708148,16.8391075,5.6300000,0.8790306,-0.1926840,-0.2622320,-0.3484428,-27.8040693,-20.4463597,-2.1683542,-5.7148178,-4.2823955,-1.9005041,-21.4842024,15.2300596,-45.9484494
50,5.6400000,0.6066003,0.3420495,0.6494395,-0.3053958,-21.9910513,-3.2937527,0.4020630,0.5374023,-2.6011493,-0.8255971,46.6257859,4.2538894,8.4106565,5.6400000,0.4783689,0.7017455,0.1750328,-0.4980763,-8.8004928,-6.1146296,0.6567779,0.8622533,0.7766238,1.3016056,45.3595356,-8.4930130,-3.4685726,5.6400000,0.6308191,0.2177505,0.5647240,0.4855294,-0.7303543,9.2652821,-4.8421203,-0.3482059,-0.6698432,0.7742499,23.1268181,-42.2914657,0.6752745,5.6400000,0.5390519,0.5478872,-0.0274071,-0.6391334,-13.7681748,8.1729968,6.3651354,0.6998777,-0.6947938,0.3153391,36.2592650,-21.0211421,-27.7322419,5.6400000,-0.1752220,-0.1385804,0.0734429,-0.9719562,-20.2154598,-4.5411539,9.2776260,7.0273447,-2.4674215,-2.0508437,-24.3659763,6.6286201,-52.8946800,5.6400000,0.2647159,-0.5148606,-0.0411057,0.8143429,-20.9909572,1.1605052,6.0647249,-1.1902015,-0.0177859,0.3599188,37.3626705,10.5533749,-37.2978087,5.6400000,0.4769497,0.3162930,0.0733723,-0.8167584,-1.7357707,-0.7854781,12.7903798,-0.1303140,0.8851399,0.0609579,17.1031632,2.6109976,-34.2764106,5.6400000,-0.0518566,0.7309253,0.2468861,-0.6341186,-16.1200084,-13.1598565,11.1846857,-0.5583815,0.6533297,2.0829291,36.0617180,19.8976956,-10.3797187,5.6400000,0.0788925,0.8847404,0.0088913,-0.4592725,-20.5689693,9.4390587,-2.0477672,-0.0355046,-0.3587458,-2.3096789,39.0455933,-3.9421341,16.8054301,5.6400000,0.8672111,-0.2091783,-0.2735674,-0.3596529,-34.2990275,-17.6456774,-4.1996470,-3.2162621,-3.3393656,-2.4738573,-23.5615339,16.0251904,-44.9986819
51,5.6500000,0.6116517,0.3398127,0.6422011,-0.3130292,-20.0009510,-1.9344339,0.3692495,0.8354668,-2.1952702,-0.4226618,46.9764799,4.4734760,7.4607253,5.6500000,0.4782316,0.7061143,0.1709443,-0.4934321,-7.4831088,-7.4830698,0.5846467,0.6711839,0.6978902,1.1600376,45.0983366,-9.2492177,-3.1152122,5.6500000,0.6312724,0.2191456,0.5612382,0.4883463,0.2682833,7.6505221,-3.4597751,-0.5000774,-0.5063536,0.6149452,22.9161822,-42.3994197,0.1096457,5.6500000,0.5392587,0.5469050,-0.0297273,-0.6396963,-12.6257570,8.7053682,5.0729331,0.1913603,-0.4622506,0.2081868,36.0517387,-21.4359010,-27.7870281,5.6500000,-0.1755595,-0.1586271,0.0359457,-0.9709399,-19.4341869,-3.3082063,5.1026945,7.9705191,-2.6041443,-1.4452040,-25.6599617,2.5513473,-52.8092270,5.6500000,0.2580479,-0.5166597,-0.0450720,0.8151334,-17.5235762,-0.4359581,5.6132889,-1.4095311,-0.0532461,0.7283348,37.4309843,10.8128100,-37.0932338,5.6500000,0.4774063,0.3234653,0.0773657,-0.8133068,-0.7903903,-1.7929648,13.9431492,-0.0644191,1.7622662,0.2727733,17.7940283,2.5893563,-33.8546991,5.6500000,-0.0450453,0.7358605,0.2381325,-0.6322762,-17.4330047,-11.0224503,14.4464270,-0.0276112,0.6478135,2.3737228,36.5983765,19.0783421,-10.0473572,5.6500000,0.0742585,0.8835638,0.0213548,-0.4618925,-22.8836786,8.3929888,-0.8739854,-0.3261728,-0.3709098,-2.6655376,39.1837550,-2.9458722,16.7485580,5.6500000,0.8593197,-0.2114507,-0.2837953,-0.3692132,-37.2557667,-12.2246163,-6.5212347,-0.5769129,-1.9773312,-2.6388336,-24.8573854,15.8583767,-44.8021051
52,5.6600000,0.6141128,0.3409061,0.6352136,-0.3211733,-17.6389169,0.0226570,-0.2664144,1.4688400,-1.6580944,-0.2364751,47.1538785,4.5988707,6.6639238,5.6600000,0.4783584,0.7094531,0.1680556,-0.4894965,-6.0323909,-8.6896400,0.2989349,0.4411083,0.6019688,0.9136766,44.9347972,-9.9010538,-2.7727506,5.6600000,0.6315108,0.2194311,0.5583693,0.4911902,1.1630783,6.1738054,-2.3339845,-0.5735532,-0.2947824,0.4877434,22.6538265,-42.4817619,-0.2676120,5.6600000,0.5400443,0.5455905,-0.0294685,-0.6401678,-10.3386230,8.6163556,3.9752233,-0.2363020,-0.2141373,0.0112690,35.9138777,-21.4546774,-27.7322376,5.6600000,-0.1719349,-0.1787150,-0.0068594,-0.9687375,-20.1665566,-0.5129905,-0.6342113,9.1207994,-2.4920001,-0.8866186,-26.9782293,-1.7086105,-52.1134729,5.6600000,0.2500206,-0.5188932,-0.0490847,0.8159842,-15.4160397,-3.3233400,4.9108763,-1.5794166,-0.0033363,0.9521717,37.5366655,11.0496935,-36.9243038,5.6600000,0.4783492,0.3354096,0.0828243,-0.8073553,0.6287234,-3.1576223,15.2038710,0.0832511,2.8324205,0.5680756,18.8579804,2.4395143,-33.2287966,5.6600000,-0.0395076,0.7410452,0.2265587,-0.6308425,-19.1533417,-7.8062688,16.7434339,0.5336720,0.7053274,2.6432826,37.2578756,17.9914420,-9.8393369,5.6600000,0.0704678,0.8821959,0.0345334,-0.4642974,-26.9895976,8.8349499,-1.2682859,-0.5447266,-0.3437082,-2.7116353,39.2897451,-1.9034834,16.5905039,5.6600000,0.8535382,-0.2035451,-0.2915666,-0.3808292,-35.8489543,-12.4589671,-7.8379110,0.9624809,-0.5976586,-3.3111528,-25.7603960,14.6496896,-45.1091299
53,5.6700000,0.6156783,0.3431375,0.6281550,-0.3295726,-15.0349797,0.1960997,-0.3222266,1.7066866,-1.4973595,-0.1757189,47.3127202,4.7577133,5.8249335,5.6700000,0.4784803,0.7117743,0.1665477,-0.4865139,-5.2851513,-9.3411833,0.0316807,0.2412271,0.4993693,0.5918863,44.8304303,-10.3672595,-2.4633758,5.6700000,0.6312435,0.2188405,0.5564482,0.4939694,2.2796006,4.9229820,-1.2023999,-0.5616783,-0.0353514,0.3897731,22.5274644,-42.4817619,-0.5880843,5.6700000,0.5410000,0.5441014,-0.0267912,-0.6407456,-7.8155726,8.4031878,2.5025799,-0.5836859,0.0139196,-0.2416414,35.9996338,-21.2164669,-27.8084641,5.6700000,-0.1619541,-0.1971648,-0.0538800,-0.9653983,-22.1074128,1.6966081,-7.2749483,10.1109878,-2.0615684,0.1526412,-27.3811662,-6.8600453,-51.0026402,5.6700000,0.2409618,-0.5209555,-0.0528341,0.8171606,-13.7811904,-7.1173155,4.2582464,-1.6317310,-0.0620373,1.1624940,37.6385135,11.1209440,-36.7545043,5.6700000,0.4794418,0.3534560,0.0896571,-0.7982268,1.8829346,-3.7897908,15.7637668,0.3952280,4.1561656,0.8889233,20.2839722,2.2489553,-32.2192343,5.6700000,-0.0353745,0.7465042,0.2125444,-0.6295276,-22.3470517,-4.4714595,17.2141503,1.0529641,0.8053779,2.8411378,37.7712896,16.9960008,-9.7132648,5.6700000,0.0686040,0.8792841,0.0471759,-0.4689641,-27.6522681,10.5434661,-1.1737662,-0.8408032,-0.9071908,-2.4807161,39.6624010,-1.0246016,16.1662160,5.6700000,0.8479338,-0.1919221,-0.2950555,-0.3963791,-34.0853753,-13.1211788,-9.4997475,1.0477784,0.5855453,-4.0140039,-26.1257106,13.0157001,-45.5213623
54,5.6800000,0.6186569,0.3441101,0.6205344,-0.3373262,-12.2812871,-1.2918011,0.5039921,1.4106143,-1.7827951,-0.1224353,47.6269122,4.8097167,4.8883529,5.6800000,0.4786567,0.7130411,0.1662411,-0.4845865,-4.9498579,-8.5413248,-0.6646296,0.0508105,0.3597342,0.2900585,44.6832861,-10.6724444,-2.2680574,5.6800000,0.6302970,0.2173063,0.5555220,0.4968892,3.4615508,4.2388597,0.0217780,-0.5684819,0.2652373,0.3259782,22.2754053,-42.4970750,-0.9756156,5.6800000,0.5423138,0.5422721,-0.0216203,-0.6413807,-5.4269087,8.2111561,0.6129630,-0.9813888,0.2380194,-0.4703305,36.0665910,-21.1521875,-27.8298907,5.6800000,-0.1439982,-0.2119915,-0.1003174,-0.9613847,-23.2306881,3.2715840,-11.8900108,10.2029476,-1.3212988,1.6545609,-28.2601395,-11.5237885,-49.7329597,5.6800000,0.2312630,-0.5220548,-0.0557559,0.8190650,-12.5197514,-9.6987802,3.9967446,-1.5090474,-0.2621945,1.3782345,37.7361767,11.1209440,-36.6832466,5.6800000,0.4792527,0.3779288,0.0979282,-0.7860641,2.3180041,-4.7817709,16.7824016,0.8179356,5.5579309,0.9888867,22.1934244,1.8300193,-30.7552783,5.6800000,-0.0328966,0.7520228,0.1968728,-0.6281883,-27.3014709,0.0292062,15.3653184,1.5072874,0.8987804,2.8825029,38.1199945,15.8113891,-9.3683894,5.6800000,0.0690217,0.8741575,0.0594564,-0.4770216,-23.5761483,11.0530516,-0.0806079,-1.2061799,-1.7379005,-2.2705627,39.8507276,-0.2323313,15.5198874,5.6800000,0.8410788,-0.1834174,-0.2915531,-0.4170628,-32.6172593,-12.1388565,-10.6148062,-0.3820827,1.6453269,-4.5295439,-26.1980274,11.9645105,-45.9740182
55,5.6900000,0.6234831,0.3430116,0.6129785,-0.3433208,-9.9139388,-4.7643349,1.5136411,0.8045523,-2.0227551,-0.0415065,48.2640951,4.7485358,3.8540050,5.6900000,0.4794856,0.7128614,0.1672287,-0.4836907,-4.0645770,-7.2088817,-2.2023034,-0.2718641,0.1746182,0.0218389,44.5692291,-10.8841598,-2.2046961,5.6900000,0.6287446,0.2147536,0.5555403,0.4999361,4.8019823,3.7793534,0.0119926,-0.5908190,0.5583559,0.2479214,22.1777468,-42.5641089,-1.2501748,5.6900000,0.5445121,0.5396021,-0.0138851,-0.6419840,-2.9991837,7.8464368,-1.0982195,-1.4980937,0.4167670,-0.6275358,36.3289196,-20.7922651,-27.9516506,5.6900000,-0.1184988,-0.2215125,-0.1399431,-0.9577610,-21.4484081,3.8575394,-16.6508980,9.0514851,-0.3289895,3.2984405,-29.2367306,-15.2104244,-48.4633904,5.6900000,0.2217748,-0.5218029,-0.0571763,0.8217472,-11.9177322,-10.9607115,3.9353429,-1.1698953,-0.4929713,1.5214166,37.8338337,11.1209440,-36.8115005,5.6900000,0.4770600,0.4094662,0.1067568,-0.7702949,1.5435602,-6.2915394,16.1880277,1.4882826,7.0346875,1.1159169,24.4048234,1.2014160,-28.9128955,5.6900000,-0.0328997,0.7572617,0.1817657,-0.6264452,-27.5966181,1.6727696,11.2842049,1.7954267,1.0185194,2.4721278,38.5816325,14.8122962,-9.1856080,5.6900000,0.0717116,0.8673934,0.0717683,-0.4871709,-17.8020862,10.3849840,-0.8054578,-1.6039157,-2.2866199,-2.1077267,39.8362730,0.3626291,14.6480271,5.6900000,0.8301445,-0.1825561,-0.2799544,-0.4462722,-29.3582502,-11.5632553,-11.2057051,-2.9882107,2.4443770,-5.5643727,-25.9883165,11.5234692,-46.2294350
56,5.7000000,0.6306016,0.3394157,0.6063112,-0.3457243,-7.9700183,-7.1040252,3.1405255,-0.1654433,-2.1180943,0.1965905,48.2046419,4.6543412,2.9317787,5.7000000,0.4812747,0.7109653,0.1699576,-0.4837535,-2.9483027,-6.9173104,-3.8050084,-0.7097389,0.0067815,-0.2829267,44.5197450,-10.9378338,-2.3463411,5.7000000,0.6266874,0.2118790,0.5566566,0.5024975,5.8643192,2.4166752,-0.2542265,-0.4459372,0.7638607,0.1543192,22.0800868,-42.4817619,-1.3428143,5.7000000,0.5478264,0.5358913,-0.0037231,-0.6424117,-0.6646168,7.4462924,-2.1742253,-2.0446250,0.5714732,-0.7233062,36.5030367,-20.1700403,-28.1350684,5.7000000,-0.0872426,-0.2239096,-0.1687832,-0.9559108,-19.9346905,2.5635548,-20.2887039,7.0209355,1.0200812,4.7212133,-29.4930859,-17.0903645,-48.0483398,5.7000000,0.2131830,-0.5197471,-0.0568678,0.8253375,-10.7144670,-11.8689556,4.3914838,-0.7017669,-0.7972924,1.5741918,37.7952281,10.8564370,-37.0148266,5.7000000,0.4714263,0.4497290,0.1136448,-0.7500573,-3.4026022,-6.7195741,18.1537836,2.8065934,8.6346444,1.3576829,26.9188396,0.1945115,-26.3415101,5.7000000,-0.0347564,0.7616959,0.1687564,-0.6246060,-17.1531395,2.3400676,3.4807080,1.8150427,0.9859748,1.8921900,38.9603908,13.9868450,-8.9433742,5.7000000,0.0776071,0.8593749,0.0847073,-0.4982737,-11.4289187,10.2147988,-4.0402610,-2.2251687,-2.6114676,-1.9360349,40.1951025,0.8509333,13.7741780,5.7000000,0.8133777,-0.1913598,-0.2595422,-0.4841859,-25.3607754,-9.7959891,-15.1018985,-6.0796851,3.0382566,-6.6740527,-25.5851976,12.0238565,-46.1903371
57,5.7100000,0.6400091,0.3324247,0.6019511,-0.3428368,-5.9345606,-9.1766816,7.9830646,-1.5502150,-1.9802933,0.4537490,48.2894394,4.3469379,2.4059606,5.7100000,0.4833033,0.7078579,0.1742806,-0.4847488,-2.1959262,-6.6057774,-5.1892888,-0.9828934,-0.0977082,-0.6174689,44.4153759,-10.8938477,-2.5416596,5.7100000,0.6239052,0.2092979,0.5590359,0.5043962,6.0989358,1.1621252,0.0797095,-0.1777688,0.9453006,0.1231463,21.9805129,-42.4970750,-1.3102743,5.7100000,0.5522491,0.5313224,0.0088149,-0.6423704,1.0131022,7.0583033,-3.2148612,-2.5621119,0.7731072,-0.7838848,36.9085899,-19.4432067,-28.2568405,5.7100000,-0.0519298,-0.2178959,-0.1863985,-0.9565983,-20.8136234,-1.5869625,-21.4728222,4.8237557,2.6831872,5.7594528,-29.5052929,-17.8838463,-48.1582069,5.7100000,0.2054818,-0.5160083,-0.0543807,0.8297924,-7.9000454,-11.9383353,4.7830902,-0.1679391,-1.0619839,1.6713647,37.6853610,10.3974851,-37.4868594,5.7100000,0.4622704,0.5018771,0.1160449,-0.7217749,-13.0098814,-10.2314642,20.2186347,4.7359504,10.8016246,2.2626233,29.9976404,-1.6301363,-22.5271691,5.7100000,-0.0356106,0.7652804,0.1542608,-0.6239242,-14.3908551,17.0291992,-1.8247724,1.8929853,0.6801895,2.2231750,39.2363432,13.1529134,-8.9133188,5.7100000,0.0872944,0.8505802,0.0983191,-0.5091429,-3.8397721,10.2876103,-8.3885409,-2.9597780,-2.7026726,-1.6835663,40.4312047,1.2168616,12.9431547,5.7100000,0.7899557,-0.2081779,-0.2304486,-0.5287016,-21.2753382,-6.2611626,-20.4793149,-8.8220156,3.5862070,-7.6530553,-25.1187685,13.4250036,-45.8616519
58,5.7200000,0.6441353,0.3325613,0.6030748,-0.3328567,-0.1429837,-5.1212897,7.4464587,-1.5167540,0.3177750,1.4928092,48.4181723,3.5542370,3.2651490,5.7200000,0.4844189,0.7043821,0.1796492,-0.4867344,-2.0619499,-6.0412374,-6.3220002,-0.9560221,-0.1407356,-0.9626687,44.4111911,-10.7027049,-2.6929967,5.7200000,0.6201698,0.2074498,0.5624637,0.5059531,5.7590425,0.5592358,0.0928544,0.0975569,1.0944909,0.2146242,21.8419356,-42.5468823,-1.0587236,5.7200000,0.5577743,0.5255743,0.0238054,-0.6419445,1.9176780,6.6263214,-4.4734439,-3.1486749,0.9511631,-0.8478847,37.3022076,-18.5827928,-28.5072101,5.7200000,-0.0126543,-0.2048259,-0.1964734,-0.9587932,-21.7657053,-6.1642809,-23.0352136,3.4246218,4.1688325,6.5989332,-29.0658704,-17.7739902,-48.7929282,5.7200000,0.1982761,-0.5117611,-0.0494081,0.8344735,-4.2575419,-10.7988131,5.2032079,0.3191004,-1.0621989,1.8494347,37.6316023,9.8370504,-37.9689829,5.7200000,0.4545457,0.5649587,0.1108685,-0.6796455,-31.1487406,-17.0750855,22.7191438,6.3783683,13.0424788,4.7671696,32.7087874,-4.5926374,-17.8139855,5.7200000,-0.0382822,0.7667136,0.1368000,-0.6260755,-16.5649779,29.3783898,-0.4636787,2.6439475,0.0554884,2.4039994,39.4011745,12.1138007,-9.2531484,5.7200000,0.0980886,0.8424719,0.1098109,-0.5182290,2.5108960,10.6296443,-11.7238542,-2.9550218,-2.3883417,-1.1657999,40.6783006,1.3306069,12.2434443,5.7200000,0.7600206,-0.2270879,-0.1946610,-0.5769808,-16.6919382,-2.9608304,-22.3333145,-10.3013852,4.2855581,-8.5659838,-24.7653889,15.2579746,-45.4234363
59,5.7300000,0.6343916,0.3509716,0.6079569,-0.3236583,6.6534403,4.3703176,-2.1055945,1.6039274,3.6397309,2.4230474,48.4214976,2.4622666,5.0221351,5.7300000,0.4835460,0.7011606,0.1857323,-0.4899598,-2.1215577,-5.4453782,-7.0261875,-0.6761646,-0.1500218,-1.3679723,44.4330780,-10.2655440,-2.7026747,5.7300000,0.6154855,0.2069672,0.5667206,0.5071192,5.4007309,-0.7706876,0.3315140,0.4340679,1.1497065,0.3812775,21.5489573,-42.3872112,-0.5991394,5.7300000,0.5644096,0.5179047,0.0415413,-0.6414755,2.4095758,5.8511697,-5.2550803,-3.8325288,1.0099435,-0.9983308,37.6410022,-17.4413502,-28.8645176,5.7300000,0.0305443,-0.1867401,-0.2050218,-0.9602923,-20.2398739,-10.7425146,-23.7311916,3.3080537,5.2531509,7.2153387,-28.1624794,-17.5542450,-49.6841316,5.7300000,0.1914724,-0.5084614,-0.0424059,0.8384552,-0.4816309,-9.1522883,5.7682033,0.6545035,-0.7479912,1.9716958,37.6793245,9.1106412,-38.1836500,5.7300000,0.4537855,0.6233234,0.0917246,-0.6301851,-27.0873953,-22.0112952,20.6640763,6.8989301,11.8052404,7.8576110,34.2406612,-8.4004234,-13.9184482,5.7300000,-0.0445949,0.7630477,0.1236789,-0.6328294,-13.8332252,35.4633392,0.5857869,2.8239410,-1.2221883,1.1782157,39.2177350,11.6481052,-10.1495853,5.7300000,0.1057735,0.8364192,0.1152813,-0.5252857,5.1334180,12.4022334,-10.5926076,-1.8109754,-1.8831822,-0.3887084,40.8206202,1.2898244,11.7441857,5.7300000,0.7256086,-0.2397714,-0.1569109,-0.6256044,-15.2709966,0.9624396,-20.7702570,-9.7938023,5.1514169,-9.2951370,-24.1344057,16.6402234,-45.4243284
60,5.7400000,0.6220527,0.3695593,0.6117700,-0.3197090,10.2546135,3.7009710,-7.4910204,2.5158312,3.4626463,1.6858286,48.3359084,1.7342887,5.9161471,5.7400000,0.4797520,0.6986528,0.1924164,-0.4946699,-2.0362144,-3.8748250,-7.2053466,-0.2010707,-0.1217432,-1.8556351,44.4411020,-9.5739444,-2.6929923,5.7400000,0.6103132,0.2079383,0.5713334,0.5077968,4.8592975,-1.2143638,0.3360644,0.7246334,1.0812696,0.5206029,21.2387459,-42.4676406,-0.2346058,5.7400000,0.5712552,0.5085017,0.0617386,-0.6413126,2.4930554,4.3773702,-5.4585170,-4.3633761,1.0319558,-1.2753215,38.0587548,-16.0803427,-29.0625248,5.7400000,0.0771259,-0.1643897,-0.2153783,-0.9594998,-17.7498141,-15.3564522,-21.1556874,3.9029525,6.1150600,7.6372149,-26.9540679,-17.4199773,-50.5873883,5.7400000,0.1858406,-0.5068320,-0.0341907,0.8410800,3.0141104,-7.4314131,5.8652202,0.9016650,-0.2735364,1.8607063,37.8850058,8.3171600,-38.2293935,5.7400000,0.4583082,0.6622436,0.0600879,-0.5897257,-21.8072368,-17.8542831,14.9916430,6.1296682,7.0421353,8.9209398,34.8533537,-12.3814335,-11.5631833,5.7400000,-0.0478986,0.7547272,0.1228271,-0.6426555,-11.2181056,34.8894669,-1.4893618,0.9294292,-2.4639256,-0.4011929,39.0263709,11.8320792,-10.8728508,5.7400000,0.1099673,0.8324513,0.1133746,-0.5311104,4.8332174,14.9194058,-7.1854049,-0.4361938,-1.5336865,0.5526297,40.9417497,0.9933745,11.3198966,5.7400000,0.6911180,-0.2377269,-0.1241357,-0.6711424,-17.7048958,6.7134564,-18.5396504,-6.9321797,6.1279363,-9.5611144,-23.2059775,16.9358404,-46.1931121
